occ2018,total_lf,native,foreign,2018 Census Title ,2018 Census Code,2018 SOC Code,2018 SOC Title,2018 Census Title,TOT_EMP
440,5801135.97,4808726.5324,992409.4376,"Managers, all other",440.0,11-9199,,,630980
3255,3720583.5537,3003812.1087,716771.445,Registered nurses,3255.0,29-1141,,,3282010
2310,3690831.7715,3391622.8454,299208.9261,Elementary and middle school teachers,2310.0,25-2020,,,2027880
9130,3595899.7557,2782861.2118,813038.5438999999,Driver/sales workers and truck drivers,9130.0,53-3030,,,3482310
4700,3155296.8926,2667537.0836,487759.809,First-Line supervisors of retail sales workers,4700.0,41-1011,,,1113160
5240,2864955.3985,2483342.2345,381613.164,Customer service representatives,5240.0,43-4051,,,2725930
4720,2837675.0272,2439068.946,398606.0812,Cashiers,4720.0,41-2010,,,3169960
4760,2779446.5804000003,2443838.674,335607.9064,Retail salespersons,4760.0,41-2031,,,3800250
6260,2582631.3793,1355038.3129,1227593.0664,Construction laborers,6260.0,47-2061,,,1057660
4220,2362100.5272,1552729.0584,809371.4688,Janitors and building cleaners,4220.0,37-201X,,,3071180
9620,2320535.0947,1867525.8192,453009.2755,"Laborers and freight, stock, and material movers, hand",9620.0,53-7062,,,2982530
4020,2273352.3985,1574545.3744,698807.0241,Cooks,4020.0,35-2010,,,2743530
1021,2272858.8241,1365836.9579,907021.8662,Software developers,1021.0,15-1252,,,1654440
3602,1985571.1971,1539123.9996,446447.1975,Personal care aides,3602.0,31-1122,,,
9645,1841544.7406,1500186.5872,341358.1534,Stockers and order fillers,9645.0,53-7065,,,2779530
800,1821506.6398,1485049.1454,336457.4944,Accountants and auditors,800.0,13-2011,,,1448290
4110,1801248.4273,1428385.1401,372863.2872,Waiters and waitresses,4110.0,35-3031,,,2302690
10,1661377.0483,1413646.2555,247730.7928,Chief executives,10.0,11-1011,,,211850
4230,1555034.5113,643776.9215,911257.5898,Maids and housekeeping cleaners,4230.0,37-2012,,,854910
2545,1530505.6398999998,1277679.4633,252826.1766,Teaching assistants,2545.0,25-9040,,,1530310
5740,1512076.0025999998,1396722.1714,115353.8312,"Secretaries and administrative assistants, except legal, medical, and executive",5740.0,43-6014,,,1737820
3603,1500620.2243,1183883.958,316736.2663,Nursing assistants,3603.0,31-1131,,,1388430
120,1446354.456,1219555.5672,226798.8888,Financial managers,120.0,11-3031,,,818620
20,1421939.1146999998,1278832.2487,143106.866,General and operations managers,20.0,11-1021,,,3584420
5000,1391855.5754,1249640.8785,142214.6969,First-Line supervisors of office and administrative support workers,5000.0,43-1011,,,1495580
5860,1368449.0508,1214829.7378,153619.313,"Office clerks, general",5860.0,43-9061,,,2510550
4251,1313507.3786,805733.2088,507774.1698,Landscaping and groundskeeping workers,4251.0,37-3011,,,943430
5400,1312472.5186,1149901.6553,162570.8633,Receptionists and information clerks,5400.0,43-4171,,,964530
310,1294423.9845,985211.0706,309212.9139,Food service managers,310.0,11-9051,,,244230
220,1264855.8526,1059255.7125,205600.1401,Construction managers,220.0,11-9021,,,348330
8990,1254470.7532,921234.3803,333236.3729,Other production workers,8990.0,51-91XX,,,1432970
5120,1223282.2234999998,1043397.8908,179884.3327,"Bookkeeping, accounting, and auditing clerks",5120.0,43-3031,,,1455770
6230,1206902.7152,768451.0455,438451.6697,Carpenters,6230.0,47-2031,,,697740
1108,1194025.4192,948408.759,245616.6602,"Computer occupations, all other",1108.0,15-1299,,,439380
2100,1173167.8333,1067444.1387,105723.6946,Lawyers,2100.0,23-1011,,,747750
230,1151989.4803,1012230.9013,139758.579,Education and childcare administrators ,230.0,11-9030,,,621000
705,1144521.1844,974331.5157,170189.6687,Project management specialists,705.0,13-1082,,,1006160
4920,1128809.2298,921653.6028,207155.627,Real estate brokers and sales agents,4920.0,41-9020,,,240190
4600,1121113.056,753782.6904,367330.3656,Childcare workers,4600.0,39-9011,,,520180
4850,1103120.3050000002,964531.5306,138588.7744,"Sales representatives, wholesale and manufacturing",4850.0,41-4010,,,1560790
2360,1102001.301,927821.2495,174180.0515,Other teachers and instructors,2360.0,25-30XX,,,1125750
4055,1091949.636,981647.5467,110302.0893,Fast food and counter workers,4055.0,35-3023,,,3780930
6355,1088687.4471,913704.3862,174983.0609,Electricians,6355.0,47-2111,,,742580
2205,1076538.4299,776626.6873,299911.7426,Postsecondary teachers,2205.0,25-1000,,,0
4030,1071744.3728,759425.2284,312319.1444,Food preparation workers,4030.0,35-2021,,,888770
3930,1070393.9453,940189.1708,130204.7745,Security guards and gambling surveillance officers,3930.0,33-9030,,,1251770
710,1063557.726,903597.2013,159960.5247,Management analysts,710.0,13-1111,,,893900
4710,1059764.5639,862050.5447,197714.0192,First-Line supervisors of non-retail sales workers,4710.0,41-1012,,,219010
7750,1028649.2551,836562.8931,192086.362,Other assemblers and fabricators,7750.0,51-20XX,,,1874550
350,961240.3167,821776.4267,139463.89,Medical and health services managers,350.0,11-9111,,,565840
5510,915729.6933,717150.2002,198579.4931,Couriers and messengers,5510.0,43-5021,,,71920
3090,885507.1714999999,683187.4157,202319.7558,Other physicians,3090.0,29-12XX,,,1036850
6050,881377.3282999999,441286.0153,440091.313,Miscellaneous agricultural workers,6050.0,45-2090,,,333030
630,858244.3167999999,761338.8239,96905.4929,Human resources workers,630.0,13-1070,,,982460
5940,856955.307,753468.7864,103486.5206,"Office and administrative support workers, all other",5940.0,43-9199,,,195890
410,846995.1854,741027.6207,105967.5647,"Property, real estate, and community association managers",410.0,11-9141,,,296640
6200,845673.5107999999,661813.8474,183859.6634,First-line supervisors of construction trades and extraction workers,6200.0,47-1011,,,806080
8740,812641.4675,650207.909,162433.55849999998,"Inspectors, testers, sorters, samplers, and weighers",8740.0,51-9061,,,591180
2320,810671.4789,732193.9587,78477.5202,Secondary school teachers,2320.0,25-2030,,,1176990
3601,763017.4849,404540.5238,358476.9611,Home health aides,3601.0,31-1121,,,
4510,762993.3877999999,626526.933,136466.4548,"Hairdressers, hairstylists, and cosmetologists",4510.0,39-5012,,,295460
7340,760239.2432,634866.5873,125372.6559,"Maintenance and repair workers, general",7340.0,49-9071,,,1531700
7200,754089.0788,625044.4305,129044.6483,Automotive service technicians and mechanics,7200.0,49-3023,,,688840
2300,725682.0814,623098.5877,102583.4937,Preschool and kindergarten teachers,2300.0,25-2010,,,559490
1530,723372.2317,506382.954,216989.2777,"Engineers, all other",1530.0,17-2199,,,150750
205,722817.0606999999,709330.7775,13486.2832,"Farmers, ranchers, and other agricultural managers",205.0,11-9013,,,5910
-1,717270.0977,601566.3354,115703.7623,,,,,Occupation not reported,
7700,713473.9792,585118.1521,128355.8271,First-line supervisors of production and operating workers,7700.0,51-1011,,,685140
110,709911.9410999999,539689.8347,170222.1064,Computer and information systems managers,110.0,11-3021,,,645970
1050,702330.1878000001,584998.2946,117331.8932,Computer support specialists,1050.0,15-1230,,,843660
6442,682556.9533,581905.6877,100651.2656,"Plumbers, pipefitters, and steamfitters",6442.0,47-2152,,,455940
9600,680092.1545,493580.2131,186511.9414,Industrial truck and tractor operators,9600.0,53-7051,,,805770
3645,670646.3257,577092.6668,93553.6589,Medical assistants,3645.0,31-9092,,,793460
51,664517.0776999999,577422.2782,87094.79950000001,Marketing managers,51.0,11-2021,,,384980
4810,656318.8417,529518.2588,126800.5829,Insurance sales agents,4810.0,41-3021,,,469480
3870,646248.4909,626272.3864,19976.1045,Police officers,3870.0,33-3050,,,669990
5610,640262.8145,503344.5024,136918.3121,"Shipping, receiving, and inventory clerks",5610.0,43-5071,,,857630
6410,626009.5275,291102.7657,334906.7618,Painters and paperhangers,6410.0,47-2140,,,225700
9142,621983.0699,234653.7047,387329.3652,Taxi drivers,9142.0,53-3054,,,17510
750,610392.5995,534899.6794,75492.9201,"Business operations specialists, all other",750.0,13-1199,,,1128200
7315,608473.4645,481969.4336000001,126504.0309,"Heating, air conditioning, and refrigeration mechanics and installers",7315.0,49-9021,,,396870
3500,597611.7101,509586.8581,88024.852,Licensed practical and licensed vocational nurses,3500.0,29-2061,,,632430
2014,596521.2911,529363.3265,67157.9646,"Social workers, all other",2014.0,21-1029,,,64940
4840,594692.8277,498335.0899,96357.7378,"Sales representatives of services, except advertising, insurance, financial services, and travel",4840.0,41-3091,,,1189330
9640,578525.9301,352835.0375,225690.8926,"Packers and packagers, hand",9640.0,53-7064,,,601440
850,572272.2733,522290.599,49981.6743,Personal financial advisors,850.0,13-2052,,,270480
8140,547187.1754000001,426108.2858,121078.8896,"Welding, soldering, and brazing workers",8140.0,51-4120,,,460330
1006,547001.3836000001,436724.1119,110277.2717,Computer systems analysts,1006.0,15-1211,,,497800
4010,540023.158,490215.5211,49807.6369,First-line supervisors of food preparation and serving workers,4010.0,35-1012,,,1187460
1240,538892.047,420264.5212,118627.5258,Other mathematical science occupations,1240.0,15-20XX,,,406220
52,531757.6537,455671.2085,76086.4452,Sales managers,52.0,11-2022,,,603710
4000,530674.6475,310809.6191,219865.0284,Chefs and head cooks,4000.0,35-1011,,,182320
735,523808.6094,422069.6826,101738.9268,Market research analysts and marketing specialists,735.0,13-1161,,,861140
1360,487171.8902,386320.1168,100851.7734,Civil engineers,1360.0,17-2051,,,355410
420,482998.0508,404611.3896,78386.6612,Social and community service managers,420.0,11-9151,,,195490
4040,474917.5021,424681.7199,50235.7822,Bartenders,4040.0,35-3011,,,745610
4965,471676.0427,377351.1434,94324.8993,"Sales and related workers, all other",4965.0,41-9099,,,99070
910,457827.2858,424659.8432,33167.4426,Credit counselors and loan officers,910.0,13-2070,,,318640
6305,443375.5332,417232.4565,26143.0767,Construction equipment operators,6305.0,47-2070,,,517990
9610,440188.6884,298639.5503,141549.1381,Cleaners of vehicles and equipment,9610.0,53-7061,,,373960
2145,433590.3334,377606.1889,55984.1445,Paralegals and legal assistants,2145.0,23-2011,,,367220
2040,431930.4209,397102.8462,34827.5747,Clergy,2040.0,21-2011,,,58080
5550,426293.4175,383940.0255,42353.392,Postal service mail carriers,5550.0,43-5052,,,336040
4350,425459.6537,413145.038,12314.6157,Animal caretakers,4350.0,39-2021,,,277300
1460,424590.6837,342352.476,82238.2077,Mechanical engineers,1460.0,17-2141,,,286760
160,399296.8175,303947.6664,95349.1511,"Transportation, storage, and distribution managers",160.0,11-3071,,,213000
1760,395889.0172,205896.4493,189992.5679,"Physical scientists, all other",1760.0,19-2099,,,22580
7330,395788.1396,323153.58640000003,72634.5532,Industrial and refractory machinery mechanics,7330.0,49-904X,,,520240
1555,392255.1187,300589.0462,91666.0725,"Other engineering technologists and technicians, except drafters",1555.0,17-302X,,,381670
4150,387693.2967,341517.213,46176.0837,"Hosts and hostesses, restaurant, lounge, and coffee shop",4150.0,35-9031,,,427150
540,377569.4816,345010.0335,32559.4481,"Claims adjusters, appraisers, examiners, and investigators",540.0,13-1030,,,312810
2330,369033.3699,340040.7672,28992.6027,Special education teachers,2330.0,25-2050,,,557230
845,368351.8711,295971.4234,72380.44769999999,Financial and investment analysts,845.0,13-2051,,,340580
5110,367209.8125,314254.3094,52955.5031,Billing and posting clerks,5110.0,43-3021,,,417500
3740,365342.2031,365342.2031,0.0,Firefighters,3740.0,33-2011,,,332240
7210,364548.6802,279172.4227,85376.25749999999,Bus and truck mechanics and diesel engine specialists,7210.0,49-3031,,,287230
2722,363482.2496,347513.8075,15968.4421,Coaches and scouts,2722.0,27-2022,,,250940
1970,354201.58599999995,302902.4051,51299.1809,"Other life, physical, and social science technicians",1970.0,19-40XX,,,373270
4200,354057.6022,238680.9479,115376.6543,First-line supervisors of housekeeping and janitorial workers,4200.0,37-1011,,,174660
3050,353213.14,290417.9852,62795.1548,Pharmacists,3050.0,29-1051,,,328870
2002,346186.9409,322348.2797,23838.6612,"Educational, guidance, and career counselors and advisors",2002.0,21-1012,,,342350
4210,339187.4278,245237.24,93950.1878,"First-line supervisors of landscaping, lawn service, and groundskeeping workers",4210.0,37-1012,,,124130
2640,337536.8888,288540.6682,48996.2206,Other designers,2640.0,27-102X,,,588170
3160,337416.3354,286208.9585,51207.3769,Physical therapists,3160.0,29-1123,,,248630
6515,335957.9901,159900.177,176057.8131,Roofers,6515.0,47-2181,,,136740
2634,335071.9502,295300.9952,39770.955,Graphic designers,2634.0,27-1024,,,214260
4120,333479.179,286997.1059,46482.0731,"Food servers, nonrestaurant",4120.0,35-3041,,,271780
3421,333149.0984,291159.4439,41989.6545,Pharmacy technicians,3421.0,29-2052,,,487920
2600,330383.0476,299502.5011,30880.5465,Artists and related workers,2600.0,27-1010,,,93390
140,328040.56889999995,281144.4137,46896.1552,Industrial production managers,140.0,11-3051,,,234380
530,326752.536,287475.6127,39276.9233,"Purchasing agents, except wholesale, retail, and farm products",530.0,13-1023,,,
1010,325617.77930000005,241655.0898,83962.68950000001,Computer programmers,1010.0,15-1251,,,109870
565,323550.8774,270691.3959,52859.4815,Compliance officers,565.0,13-1041,,,397770
136,320956.2605,286556.608,34399.6525,Human resources managers,136.0,11-3121,,,215520
5810,316672.6809,285096.4669,31576.214,Data entry keyers,5810.0,43-9021,,,135280
8030,313449.9771,261059.1731,52390.804,Machinists,8030.0,51-4041,,,298790
3802,312128.7025,288077.1702,24051.5323,Correctional officers and jailers,3802.0,33-3012,,,365380
9005,310908.1006,274390.6893,36517.4113,Supervisors of transportation and material moving workers,9005.0,53-1000,,,0
7800,309722.3019,218339.5048,91382.7971,Bakers,7800.0,51-3011,,,231890
3300,308980.1788,231616.9001,77363.2787,Clinical laboratory technologists and technicians,3300.0,29-2010,,,343040
4130,306530.5545,197568.9721,108961.5824,Dining room and cafeteria attendants and bartender helpers,4130.0,35-9011,,,522010
9122,303666.3506,206609.5217,97056.8289,"Bus drivers, transit and intercity",9122.0,53-3052,,,148980
5840,296515.69470000005,284213.20290000003,12302.4918,Insurance claims and policy processing clerks,5840.0,43-9041,,,229070
1305,291341.7627,242984.8547,48356.908,"Architects, except landscape and naval",1305.0,17-1011,,,111140
1007,290781.6083,240122.068,50659.5403,Information security analysts,1007.0,15-1212,,,179430
2006,290741.6237,275864.5212,14877.1025,"Counselors, all other",2006.0,21-1019,,,33340
4621,289761.7427,251635.7063,38126.0364,Exercise trainers and group fitness instructors,4621.0,39-9031,,,303620
8800,287068.1588,130658.492,156409.6668,Packaging and filling machine operators and tenders,8800.0,51-9111,,,383860
3258,286776.94680000003,263949.97010000004,22826.9767,Nurse practitioners,3258.0,29-1171,,,307390
7000,286065.0262,269255.112,16809.9142,"First-line supervisors of mechanics, installers, and repairers",7000.0,49-1011,,,600680
4950,284512.7024,231297.2567,53215.4457,"Door-to-door sales workers, news and street vendors, and related workers",4950.0,41-9091,,,4590
1410,280114.847,217309.3193,62805.5277,Electrical and electronics engineers,1410.0,17-2070,,,282730
3655,278419.865,226889.7846,51530.0804,Other healthcare support workers,3655.0,31-909X,,,1682540
4521,278314.3806,82954.7399,195359.6407,Manicurists and pedicurists,4521.0,39-5092,,,147820
2710,273063.11010000005,228604.1892,44458.9209,Producers and directors,2710.0,27-2012,,,145270
8225,270194.3316,205632.2157,64562.1159,Other metal workers and plastic workers,8225.0,51-4XXX,,,1599750
7640,267133.1261,205536.9641,61596.162,"Other installation, maintenance, and repair workers",7640.0,49-909X,,,363480
5710,259915.3075,253520.6803,6394.6272,Executive secretaries and executive administrative assistants,5710.0,43-6011,,,472770
9121,259903.8473,192240.5059,67663.3414,"Bus drivers, school",9121.0,53-3051,,,387920
4435,258744.596,250333.7468,8410.8492,Other entertainment attendants and related workers,4435.0,39-30XX,,,627560
3960,258404.5645,258404.5645,0.0,Other protective service workers,3960.0,33-909X,,,435360
3245,257229.3906,233651.9694,23577.4212,"Therapists, all other",3245.0,29-1129,,,19320
2004,249415.3106,222463.5197,26951.7909,Mental health counselors,2004.0,21-1014,,,
2850,247845.3803,214001.7645,33843.6158,Writers and authors,2850.0,27-3043,,,47800
650,245881.3036,237072.6064,8808.697199999999,Training and development specialists,650.0,13-1151,,,436610
3640,245769.5588,194399.355,51370.2038,Dental assistants,3640.0,31-9091,,,375430
1430,245370.0717,223938.0906,21431.9811,"Industrial engineers, including health and safety ",1430.0,17-2110,,,373450
3310,237521.5778,211142.061,26379.5168,Dental hygienists,3310.0,29-1292,,,219070
3323,237480.9257,208550.8164,28930.1093,Radiologic technologists and technicians,3323.0,29-2034,,,223460
2910,233732.4333,206675.3517,27057.0816,Photographers,2910.0,27-4021,,,51230
5600,233239.3306,205678.9345,27560.3961,"Production, planning, and expediting clerks",5600.0,43-5061,,,385000
4140,232470.418,163462.8935,69007.5245,Dishwashers,4140.0,35-9021,,,471670
3230,226519.7284,201936.9288,24582.7996,Speech-language pathologists,3230.0,29-1127,,,178790
7220,222014.8156,191151.1261,30863.6895,Heavy vehicle and mobile equipment service technicians and mechanics,7220.0,49-3040,,,235450
150,217737.7872,195662.6006,22075.1866,Purchasing managers,150.0,11-3061,,,81240
7810,216447.5161,153381.5025,63066.0136,"Butchers and other meat, poultry, and fish processing workers",7810.0,51-3020,,,348630
3010,211905.5118,153603.8604,58301.6514,Dentists,3010.0,29-1020,,,130630
520,210526.4207,190463.0584,20063.3623,"Wholesale and retail buyers, except farm products",520.0,13-1022,,,
5160,204785.8687,188340.2033,16445.665399999998,Tellers,5160.0,43-3071,,,339340
700,202811.0273,176555.3471,26255.6802,Logisticians,700.0,13-1081,,,235640
2001,201875.5525,170072.0994,31803.4531,Substance abuse and behavioral disorder counselors,2001.0,21-1011,,,
725,201440.9887,188637.3849,12803.6038,"Meeting, convention, and event planners",725.0,13-1121,,,134670
1105,196209.9381,148304.9871,47904.951,Network and computer systems administrators,1105.0,15-1244,,,318570
2350,194926.8836,179055.2842,15871.5994,Tutors,2350.0,25-3041,,,174660
1065,193117.7888,150872.3216,42245.4672,Database administrators and architects,1065.0,15-124X,,,633530
3630,191986.0877,131920.666,60065.4217,Massage therapists,3630.0,31-9011,,,96040
3910,189958.1527,151638.7427,38319.41,Private detectives and investigators,3910.0,33-9021,,,38700
2435,189765.1242,185419.6575,4345.4667,Librarians and media collections specialists,2435.0,25-4022,,,131830
300,188167.0414,132240.2614,55926.78,Architectural and engineering managers,300.0,11-9041,,,210340
4820,185527.8827,168689.8769,16838.0058,"Securities, commodities, and financial services sales agents",4820.0,41-3031,,,472300
600,183747.3682,161312.4385,22434.9297,Cost estimators,600.0,13-1051,,,219530
5140,182574.7155,170190.9641,12383.7514,Payroll and timekeeping clerks,5140.0,43-3051,,,156950
9030,180764.7837,161530.73619999998,19234.0475,Aircraft pilots and flight engineers,9030.0,53-2010,,,151130
7140,179913.0429,153832.4969,26080.546,Aircraft mechanics and service technicians,7140.0,49-3011,,,136390
2752,170054.247,149093.8871,20960.3599,Musicians and singers,2752.0,27-2042,,,38350
5522,169898.7182,146544.1868,23354.5314,"Dispatchers, except police, fire, and ambulance",5522.0,43-5032,,,211000
5310,165717.2844,158373.054,7344.2304,"Interviewers, except eligibility and loan",5310.0,43-4111,,,157310
9720,162671.7388,112963.5163,49708.2225,Refuse and recyclable material collectors,9720.0,53-7081,,,139180
2555,162438.9589,143512.1165,18926.8424,Other educational instruction and library workers,2555.0,25-90XX,,,1866060
9050,160768.4202,148658.95309999998,12109.4671,Flight attendants,9050.0,53-2031,,,130110
3110,159190.6568,125890.6034,33300.0534,Physician assistants,3110.0,29-1071,,,155540
4655,158044.0252,128570.1786,29473.8466,"Personal care and service workers, all other",4655.0,39-9099,,,62390
8810,157815.8259,120097.7834,37718.0425,Painting workers,8810.0,51-9120,,,167970
3322,157312.1153,154611.7904,2700.3249,Diagnostic medical sonographers,3322.0,29-2032,,,86460
1320,156378.9647,136738.7077,19640.257,Aerospace engineers,1320.0,17-2011,,,68440
9150,156008.5796,134112.6125,21895.9671,"Motor vehicle operators, all other",9150.0,53-3099,,,50330
8300,154962.3118,84940.0483,70022.2635,Laundry and dry-cleaning workers,8300.0,51-6011,,,195360
2012,153001.5173,136608.2379,16393.2794,Healthcare social workers,2012.0,21-1022,,,185940
2016,151638.2389,130114.7353,21523.5036,Social and human service assistants,2016.0,21-1093,,,424220
8620,150990.1286,144854.0722,6136.0564,Water and wastewater treatment plant and system operators,8620.0,51-8031,,,126750
4800,149879.9996,130400.2112,19479.7884,Advertising sales agents,4800.0,41-3011,,,97470
3550,149117.1483,142482.987,6634.1613,Other healthcare practitioners and technical occupations,3550.0,29-9000,,,0
3030,147992.9265,127217.8466,20775.0799,Dietitians and nutritionists,3030.0,29-1031,,,76570
1825,147540.6021,125301.4938,22239.1083,Other psychologists,1825.0,19-303X,,,154860
5300,147024.92200000002,134621.7563,12403.1657,"Hotel, motel, and resort desk clerks",5300.0,43-4081,,,261430
1220,145235.7661,134749.46050000002,10486.3056,Operations research analysts,1220.0,15-2031,,,107760
6520,143033.1468,130304.8197,12728.3271,Sheet metal workers,6520.0,47-2211,,,117470
3401,142747.4631,142747.4631,0.0,Emergency medical technicians,3401.0,29-2042,,,177980
860,141905.5721,131669.7101,10235.862,Insurance underwriters,860.0,13-2053,,,107820
4750,141451.4617,115877.8198,25573.6419,Parts salespersons,4750.0,41-2022,,,265060
4622,141424.6473,132616.9426,8807.7047,Recreation workers,4622.0,39-9032,,,309640
960,141277.9745,91881.434,49396.5405,Other financial specialists,960.0,13-20XX,,,3033120
8255,140694.18,125397.9545,15296.2255,Printing press operators,8255.0,51-5112,,,145110
5260,139338.2648,116201.2573,23137.0075,File clerks,5260.0,43-4071,,,78980
940,139240.2765,111583.6611,27656.6154,Tax preparers,940.0,13-2082,,,73570
3422,138540.0974,114267.317,24272.7804,Psychiatric technicians,3422.0,29-2053,,,136300
3545,136314.4192,124839.7763,11474.6429,Miscellaneous health technologists and technicians,3545.0,29-2090,,,194570
1720,136259.9839,101094.5454,35165.438500000004,Chemists and materials scientists,1720.0,19-2030,,,91580
3150,136167.9238,130647.3115,5520.6123,Occupational therapists,3150.0,29-1122,,,152280
2635,135498.95870000002,121983.4927,13515.466,Interior designers,2635.0,27-1025,,,69580
60,133912.7612,133356.3059,556.4553,Public relations and fundraising managers,60.0,11-2030,,,112980
6220,133367.5361,83112.0856,50255.4505,"Brickmasons, blockmasons, and stonemasons",6220.0,47-2020,,,62270
4500,133202.0899,109615.0989,23586.991,Barbers,4500.0,39-5011,,,18100
6330,132869.9246,57570.1033,75299.8213,"Drywall installers, ceiling tile installers, and tapers",6330.0,47-2080,,,95400
3620,132218.79200000002,122941.0898,9277.7022,Physical therapist assistants and aides,3620.0,31-2020,,,152020
2025,129848.5426,101045.1964,28803.3462,Other community and social service specialists,2025.0,21-109X,,,747310
8320,129202.994,73058.88339999999,56144.1106,Sewing machine operators,8320.0,51-6031,,,109590
7720,128973.1051,89794.9534,39178.1517,"Electrical, electronics, and electromechanical assemblers",7720.0,51-2020,,,273310
3820,128903.1074,109322.6379,19580.4695,Detectives and criminal investigators,3820.0,33-3021,,,110790
7420,128894.7522,116692.1635,12202.5887,Telecommunications line installers and repairers,7420.0,49-9052,,,98360
6660,128813.3122,111873.15,16940.1622,Construction and building inspectors,6660.0,47-4011,,,137210
7260,127550.1198,105371.8589,22178.2609,"Miscellaneous vehicle and mobile equipment mechanics, installers, and repairers",7260.0,49-3090,,,137920
3515,127502.2862,127502.2862,0.0,Medical records specialists,3515.0,29-2072,,,187910
7150,127089.9733,68379.3176,58710.6557,Automotive body and related repairers,7150.0,49-3021,,,155220
7010,126899.0287,109317.745,17581.2837,"Computer, automated teller, and office machine repairers",7010.0,49-2011,,,73010
7020,126527.0306,94625.6385,31901.3921,Radio and telecommunications equipment installers and repairers,7020.0,49-2020,,,165290
7410,124664.5233,119107.2112,5557.3121,Electrical power-line installers and repairers,7410.0,49-9051,,,123680
5165,124379.5435,106587.3084,17792.235099999998,"Financial clerks, all other",5165.0,43-3099,,,37030
8610,123283.2937,108325.1452,14958.1485,Stationary engineers and boiler operators,8610.0,51-8021,,,30780
3402,122002.1414,93210.6654,28791.476,Paramedics,3402.0,29-2043,,,99530
4400,120641.6465,97330.5851,23311.0614,Gambling services workers,4400.0,39-3010,,,105500
1350,119636.1873,82240.4288,37395.7585,Chemical engineers,1350.0,17-2041,,,20330
2920,119196.9951,110367.5155,8829.4796,"Television, video, and film camera operators and editors",2920.0,27-4030,,,53320
102,118738.4303,103899.813,14838.6173,Facilities managers,102.0,11-3013,,,141090
4522,117276.7286,93479.6353,23797.0933,Skincare specialists,4522.0,39-5094,,,70240
3220,116442.4216,75091.4054,41351.0162,Respiratory therapists,3220.0,29-1126,,,136420
7840,116192.9949,85603.2904,30589.7045,Food batchmakers,7840.0,51-3092,,,171660
3649,115710.0195,71510.3938,44199.6257,Phlebotomists,3649.0,31-9097,,,138880
2825,114638.367,110312.9835,4325.3835,Public relations specialists,2825.0,27-3031,,,280590
101,114396.0907,99447.3241,14948.7666,Administrative services managers,101.0,11-3012,,,254140
340,109961.2221,97588.4026,12372.8195,Lodging managers,340.0,11-9081,,,41350
5410,109783.934,94239.7032,15544.2308,Reservation and transportation ticket agents and travel clerks,5410.0,43-4181,,,127440
3423,108024.3641,90754.5686,17269.7955,Surgical technologists,3423.0,29-2055,,,113890
2400,105468.318,105468.318,0.0,"Archivists, curators, and museum technicians",2400.0,25-4010,,,32400
9141,105456.8929,72835.0232,32621.8697,Shuttle drivers and chauffeurs,9141.0,53-3053,,,229630
4240,104922.1812,91930.1768,12992.0044,Pest control workers,4240.0,37-2021,,,96110
7855,104750.6696,79864.2105,24886.4591,"Food processing workers, all other",7855.0,51-3099,,,57920
3424,104664.3559,104385.4243,278.9316,Veterinary technologists and technicians,3424.0,29-2056,,,131320
4252,104389.311,74380.6645,30008.646500000003,Tree trimmers and pruners,4252.0,37-3013,,,47870
2905,101683.7061,101683.7061,0.0,"Broadcast, sound, and lighting technicians",2905.0,27-4010,,,114340
1650,100440.1618,38900.2213,61539.9405,Medical scientists,1650.0,19-1040,,,167760
9365,100090.7043,87912.2302,12178.4741,Transportation service attendants,9365.0,53-6030,,,125580
2830,99545.2938,93207.6844,6337.6094,Editors,2830.0,27-3041,,,95480
5630,99086.3014,73847.8974,25238.404,"Weighers, measurers, checkers, and samplers, recordkeeping",5630.0,43-5111,,,49720
2861,98071.3432,48135.9638,49935.3794,Interpreters and translators,2861.0,27-3091,,,53360
5100,96917.3239,85701.2991,11216.0248,Bill and account collectors,5100.0,43-3011,,,165020
3710,96900.173,92239.8398,4660.3332,First-line supervisors of police and detectives,3710.0,33-1012,,,153130
2170,96312.9023,88514.1562,7798.7461,"Title examiners, abstractors, and searchers",2170.0,23-2093,,,48170
2810,96290.3187,95369.587,920.7317,"News analysts, reporters, and journalists",2810.0,27-3023,,,41550
5521,94040.5584,88448.2298,5592.3286,Public safety telecommunicators,5521.0,43-5031,,,101140
820,94008.4162,65691.6851,28316.7311,Budget analysts,820.0,13-2031,,,47170
1106,93831.4503,87093.5508,6737.8995,Computer network architects,1106.0,15-1241,,,177010
3945,92586.0454,83323.3659,9262.6795,Transportation security screeners,3945.0,33-9093,,,46340
5250,89656.4941,81545.7316,8110.7625,"Eligibility interviewers, government programs",5250.0,43-4061,,,156260
1400,89282.67009999999,51591.1479,37691.5222,Computer hardware engineers,1400.0,17-2061,,,75710
5330,88292.9413,68297.6438,19995.2975,Loan interviewers and clerks,5330.0,43-4131,,,173100
5540,87170.5149,67746.8948,19423.6201,Postal service clerks,5540.0,43-5051,,,78060
6730,86832.1301,71588.9098,15243.2203,Highway maintenance workers,6730.0,47-4051,,,151750
7905,86545.30889999999,73974.0005,12571.3084,Computer numerically controlled tool operators and programmers,7905.0,51-9160,,,205180
8760,85381.0426,71944.2424,13436.8002,Dental and ophthalmic laboratory technicians and medical appliance technicians,8760.0,51-9080,,,64150
8950,84858.96429999999,47294.034,37564.9303,Helpers--production workers,8950.0,51-9198,,,167490
5730,84663.7638,75024.0491,9639.7147,Medical secretaries and administrative assistants,5730.0,43-6013,,,830760
5360,84378.29980000001,77667.5929,6710.7069,"Human resources assistants, except payroll and timekeeping",5360.0,43-4161,,,92580
2770,84105.2641,84105.2641,0.0,"Entertainers and performers, sports and related workers, all other",2770.0,27-2099,,,15040
2050,84099.79920000001,84099.79920000001,0.0,"Directors, religious activities and education",2050.0,21-2021,,,21460
2060,83528.1544,79204.4491,4323.7053,"Religious workers, all other",2060.0,21-2099,,,12170
4830,82324.10269999999,77911.26849999999,4412.8342,Travel agents,4830.0,41-3041,,,59150
3725,81600.5463,74766.0889,6834.457399999999,First-line supervisors of security workers,3725.0,33-1091,,,70310
1450,80912.2475,47910.21,33002.0375,Materials engineers,1450.0,17-2131,,,22770
9510,80549.9833,74468.425,6081.5583,Crane and tower operators,9510.0,53-7021,,,42000
4340,80457.8121,65669.4715,14788.3406,Animal trainers,4340.0,39-2011,,,20110
7950,78348.1207,69020.0713,9328.0494,"Cutting, punching, and press machine setters, operators, and tenders, metal and plastic",7950.0,51-4031,,,174430
6240,78201.0588,47142.0565,31059.0023,"Carpet, floor, and tile installers and finishers",6240.0,47-2040,,,82710
8650,77632.3963,47857.8568,29774.5395,"Crushing, grinding, polishing, mixing, and blending workers",8650.0,51-9020,,,141240
5350,77486.2026,67491.4226,9994.78,Order clerks,5350.0,43-4151,,,83420
1920,76466.9754,69825.34479999999,6641.6306,Chemical technicians,1920.0,19-4031,,,55640
1980,76458.61249999999,75554.6448,903.9677,Occupational health and safety specialists and technicians,1980.0,19-5010,,,159880
1551,76006.0034,51946.0422,24059.9612,Electrical and electronic engineering technologists and technicians,1551.0,17-3023,,,92710
3100,75789.0038,60734.462,15054.5418,Surgeons,3100.0,29-1240,,,51400
5420,75627.9756,65592.1679,10035.8077,"Information and record clerks, all other",5420.0,43-4199,,,143910
4530,75304.1505,60909.3674,14394.7831,"Baggage porters, bellhops, and concierges",4530.0,39-6010,,,75420
4540,75271.5973,75271.5973,0.0,Tour and travel guides,4540.0,39-7010,,,49010
6441,74976.0154,38166.9897,36809.0257,Pipelayers,6441.0,47-2151,,,33580
2011,74928.5325,70267.5267,4661.0058,"Child, family, and school social workers",2011.0,21-1021,,,382960
5820,74539.4617,46501.4136,28038.0481,Word processors and typists,5820.0,43-9022,,,36030
6530,74160.865,68373.8128,5787.0522,Structural iron and steel workers,6530.0,47-2221,,,64720
335,74019.5924,61165.6416,12853.9508,Entertainment and recreation managers,335.0,11-9070,,,41320
3000,73861.3288,73861.3288,0.0,Chiropractors,3000.0,29-1011,,,37630
3250,73320.2433,52097.2464,21222.9969,Veterinarians,3250.0,29-1131,,,80630
1610,72507.20400000001,70999.888,1507.316,Biological scientists,1610.0,19-1020,,,130910
726,71756.7352,71329.2083,427.5269,Fundraisers,726.0,13-1131,,,105930
9760,71182.9417,60826.3931,10356.5486,Other material moving workers,9760.0,53-71XX,,,36110
4740,71152.8186,71152.8186,0.0,Counter and rental clerks,4740.0,41-2021,,,398620
5320,70838.09580000001,49724.9198,21113.176,"Library assistants, clerical",5320.0,43-4121,,,80070
1031,70032.8432,60157.7731,9875.0701,Web developers,1031.0,15-1254,,,78860
640,69616.43519999999,66323.9849,3292.4503,"Compensation, benefits, and job analysis specialists",640.0,13-1141,,,102370
2180,68529.8262,68529.8262,0.0,"Legal support workers, all other",2180.0,23-2099,,,47380
3324,68434.811,59450.5791,8984.231899999999,Magnetic resonance imaging technologists,3324.0,29-2035,,,41530
1545,67365.9132,57251.1688,10114.7444,Other drafters,1545.0,17-301X,,,185480
8350,67274.8218,38572.8665,28701.9553,"Tailors, dressmakers, and sewers",8350.0,51-6050,,,18530
3700,66317.1689,66317.1689,0.0,First-line supervisors of correctional officers,3700.0,33-1011,,,53390
2751,65156.9359,49202.142100000005,15954.7938,Music directors and composers,2751.0,27-2041,,,12330
1822,64801.11839999999,60814.4835,3986.6349,School psychologists,1822.0,19-3034,,,63830
1745,64531.4097,64531.4097,0.0,"Environmental scientists and specialists, including health",1745.0,19-2041,,,84930
500,64327.3226,59609.7688,4717.5538,"Agents and business managers of artists, performers, and athletes",500.0,13-1011,,,14220
137,64169.789,64169.789,0.0,Training and development managers,137.0,11-3131,,,44960
9410,63928.73959999999,57305.4446,6623.295,Transportation inspectors,9410.0,53-6051,,,23320
3605,63761.3417,55441.9493,8319.3924,Orderlies and psychiatric aides,3605.0,31-113X,,,1476350
6250,63628.7819,32713.1576,30915.6243,"Cement masons, concrete finishers, and terrazzo workers",6250.0,47-2050,,,206680
5220,63365.4821,58224.5423,5140.9398,"Court, municipal, and license clerks",5220.0,43-4031,,,170010
8000,63041.7646,45893.1796,17148.585,"Grinding, lapping, polishing, and buffing machine tool setters, operators, and tenders, metal and plastic",8000.0,51-4033,,,70110
360,63007.6264,57872.7558,5134.8706,Natural sciences managers,360.0,11-9121,,,100870
3321,62932.9568,48344.8512,14588.1056,Cardiovascular technologists and technicians,3321.0,29-2031,,,61180
1900,62264.4561,34965.3286,27299.1275,Agricultural and food science technicians,1900.0,19-4010,,,28540
8640,62121.3392,54440.309,7681.0302,"Chemical processing machine setters, operators, and tenders",8640.0,51-9010,,,181610
2632,61734.9157,56659.4513,5075.4644,Fashion designers,2632.0,27-1022,,,20910
3040,61537.4234,49284.9366,12252.4868,Optometrists,3040.0,29-1041,,,41890
1005,60939.9993,34212.8063,26727.193,Computer and information research scientists,1005.0,15-1221,,,38480
930,60435.8675,46494.8148,13941.0527,"Tax examiners and collectors, and revenue agents",930.0,13-2081,,,53530
3610,60402.1538,60402.1538,0.0,Occupational therapy assistants and aides,3610.0,31-2010,,,52910
1420,60235.6759,48017.9349,12217.741,Environmental engineers,1420.0,17-2081,,,37950
2700,59055.6737,51022.1622,8033.5115,Actors,2700.0,27-2011,,,38800
4465,58714.2395,58714.2395,0.0,"Morticians, undertakers, and funeral arrangers",4465.0,39-4031,,,25700
1032,58706.8242,49468.1834,9238.6408,Web and digital interface designers,1032.0,15-1255,,,111400
9240,58010.4313,58010.4313,0.0,Railroad conductors and yardmasters,9240.0,53-4031,,,42710
7350,57643.2153,44814.8546,12828.3607,"Maintenance workers, machinery",7350.0,49-9043,,,56540
6950,57488.5873,46877.4362,10611.1511,Other extraction workers,6950.0,47-50XX,,,212930
9350,56993.985400000005,36583.8657,20410.1197,Parking attendants,9350.0,53-6021,,,134650
7360,56558.4821,56558.4821,0.0,Millwrights,7360.0,49-9044,,,40660
7320,56387.3213,27179.3577,29207.963600000003,Home appliance repairers,7320.0,49-9031,,,31940
3646,55823.9022,55823.9022,0.0,Medical transcriptionists,3646.0,31-9094,,,43070
40,54634.7824,43641.2626,10993.5198,Advertising and promotions managers,40.0,11-2011,,,21100
5720,53431.5702,38789.0183,14642.5519,Legal secretaries and administrative assistants,5720.0,43-6012,,,154540
6700,52529.4229,47658.0634,4871.3595,Elevator and escalator installers and repairers,6700.0,47-4021,,,23340
3940,51937.2303,43149.4381,8787.7922,Crossing guards and flaggers,3940.0,33-9091,,,90180
810,51804.5043,50922.471,882.0333,Property appraisers and assessors,810.0,13-2020,,,59070
7430,51604.7255,42964.15,8640.5755,Precision instrument and equipment repairers,7430.0,49-9060,,,79550
4420,51399.7887,37363.5517,14036.237,"Ushers, lobby attendants, and ticket takers",4420.0,39-3031,,,119210
8750,50915.6057,44724.4782,6191.1275,Jewelers and precious stone and metal workers,8750.0,51-9071,,,23420
7130,50840.5883,50169.203,671.3853,Security and fire alarm systems installers,7130.0,49-2098,,,81510
1310,50641.0808,45458.2037,5182.8771,"Surveyors, cartographers, and photogrammetrists",1310.0,17-1020,,,65870
3430,50158.3217,49548.1753,610.1464,Dietetic technicians and ophthalmic medical technicians,3430.0,29-205X,,,975900
7540,50116.6283,33353.7298,16762.8985,Locksmiths and safe repairers,7540.0,49-9094,,,15550
8920,50047.5929,46949.9106,3097.6823,"Molders, shapers, and casters, except metal and plastic",8920.0,51-9195,,,34750
4930,49375.7061,49375.7061,0.0,Sales engineers,4930.0,41-9031,,,56690
5560,48252.5472,42275.6579,5976.8893,"Postal service mail sorters, processors, and processing machine operators",5560.0,43-5053,,,111930
2003,47146.7399,44006.0173,3140.7226,Marriage and family therapists,2003.0,21-1013,,,65870
8710,46842.184,43487.2336,3354.9504,Cutting workers,8710.0,51-9030,,,54610
2721,46581.5342,37772.3981,8809.1361,Athletes and sports competitors,2721.0,27-2021,,,14370
1750,46560.9325,45847.407,713.5255,"Geoscientists and hydrologists, except geographers",1750.0,19-204X,,,113160
3330,44894.5004,41008.2991,3886.2013,Nuclear medicine technologists and medical dosimetrists,3330.0,29-203X,,,433560
5850,44830.8227,33854.2689,10976.5538,"Mail clerks and mail machine operators, except postal service",5850.0,43-9051,,,62730
6005,44453.7221,28323.2243,16130.4978,"First-line supervisors of farming, fishing, and forestry workers",6005.0,45-1011,,,29530
3648,44411.3305,37233.4729,7177.8576,Veterinary assistants and laboratory animal caretakers,3648.0,31-9096,,,114190
8100,44112.9379,33952.260200000004,10160.6777,"Molders and molding machine setters, operators, and tenders, metal and plastic",8100.0,51-4070,,,167540
2636,43350.0821,38021.7058,5328.3763,Merchandise displayers and window trimmers,2636.0,27-1026,,,192480
3520,43340.499200000006,36886.231100000005,6454.2681,"Opticians, dispensing",3520.0,29-2081,,,79690
8500,42180.0892,23839.1262,18340.963,Cabinetmakers and bench carpenters,8500.0,51-7011,,,79540
4640,41944.6583,41944.6583,0.0,Residential advisors,4640.0,39-9041,,,82810
900,41672.0499,35011.4326,6660.6173,Financial examiners,900.0,13-2061,,,62830
1022,41642.4145,22685.4972,18956.9173,Software quality assurance analysts and testers,1022.0,15-1253,,,199800
9415,41586.6653,41586.6653,0.0,Passenger attendants,9415.0,53-6061,,,25340
5020,41556.0526,32316.2745,9239.7781,Telephone operators,5020.0,43-2021,,,3950
6765,41276.6566,35111.7083,6164.9483,Miscellaneous construction and related workers,6765.0,47-4090,,,33530
6130,41091.0318,38381.6903,2709.3415,Logging workers,6130.0,45-4020,,,32100
5150,40077.5639,35158.7525,4918.8114,Procurement clerks,5150.0,43-3061,,,59900
1541,40028.669,34398.676400000004,5629.9926,Architectural and civil drafters,1541.0,17-3011,,,109550
8830,39792.8111,35858.6924,3934.1187,Photographic process workers and processing machine operators,8830.0,51-9151,,,5550
7510,39300.8986,35500.7498,3800.1488,"Coin, vending, and amusement machine servicers and repairers",7510.0,49-9091,,,28260
8600,39265.7065,34033.6839,5232.0226,"Power plant operators, distributors, and dispatchers",8600.0,51-8010,,,45620
3647,39258.5651,29919.0748,9339.4903,Pharmacy aides,3647.0,31-9095,,,41100
1340,39037.5997,33525.0832,5512.5165,Bioengineers and biomedical engineers,1340.0,17-2031,,,21860
9630,38758.2812,34348.71,4409.5712,Machine feeders and offbearers,9630.0,53-7063,,,46690
3720,38748.033200000005,38748.033200000005,0.0,First-line supervisors of firefighting and prevention workers,3720.0,33-1021,,,93680
9210,38723.8685,38723.8685,0.0,Locomotive engineers and operators,9210.0,53-4010,,,35290
7740,38650.903600000005,36385.1523,2265.7513,Structural metal fabricators and fitters,7740.0,51-2041,,,53380
7240,38431.5916,36105.5751,2326.0165,Small engine mechanics,7240.0,49-3050,,,72500
9040,38103.9392,31959.3534,6144.5858,Air traffic controllers and airfield operations specialists,9040.0,53-2020,,,39040
7120,38012.7501,27757.3605,10255.3896,Audiovisual equipment installers and repairers ,7120.0,49-2097,,,22170
8630,37359.0221,31338.4266,6020.5955,Miscellaneous plant and system operators,8630.0,51-8090,,,84560
5920,37248.2917,29391.6976,7856.5941,Statistical assistants,5920.0,43-9111,,,5900
1560,37140.3177,32257.3384,4882.9793,Surveying and mapping technicians,1560.0,17-3031,,,56720
9265,37060.6028,30921.9504,6138.6524,Other rail transportation workers,9265.0,53-40XX,,,101180
1860,37002.8092,36390.9945,611.8147,Miscellaneous social scientists and related workers,1860.0,19-3090,,,55510
5530,37000.9556,37000.9556,0.0,"Meter readers, utilities",5530.0,43-5041,,,19620
6710,36937.6356,24344.0624,12593.5732,Fence erectors,6710.0,47-4031,,,22640
2840,36758.2283,36758.2283,0.0,Technical writers,2840.0,27-3042,,,55530
2015,35845.7445,35845.7445,0.0,Probation officers and correctional treatment specialists,2015.0,21-1092,,,86820
9310,35814.7264,35814.7264,0.0,Ship and boat captains and operators,9310.0,53-5020,,,37770
8555,35235.7775,28504.7938,6730.9837,Other woodworkers,8555.0,51-70XX,,,207390
6850,35181.8014,35181.8014,0.0,Underground mining machine operators,6850.0,47-5040,,,26180
2633,34715.4935,29425.9986,5289.4949,Floral designers,2633.0,27-1023,,,40160
6040,34299.6119,13781.1677,20518.4442,"Graders and sorters, agricultural products",6040.0,45-2041,,,26870
6825,33909.860499999995,19680.0452,14229.815299999998,"Earth drillers, except oil and gas",6825.0,47-5023,,,17410
4940,33890.0629,31623.7234,2266.3395,Telemarketers,4940.0,41-9041,,,66430
4900,33377.2103,33377.2103,0.0,"Models, demonstrators, and product promoters",4900.0,41-9010,,,70120
3946,33279.5143,33279.5143,0.0,School bus monitors,3946.0,33-9094,,,72140
4255,32605.5803,32605.5803,0.0,Other grounds maintenance workers,4255.0,37-301X,,,1030080
1840,32212.001,32212.001,0.0,Urban and regional planners,1840.0,19-3051,,,43040
830,32034.7067,26542.7153,5491.9914,Credit analysts,830.0,13-2041,,,67370
3270,32003.0588,30296.2293,1706.8295,"Healthcare diagnosing or treating practitioners, all other",3270.0,29-1299,,,30870
1306,31073.9272,31073.9272,0.0,Landscape architects,1306.0,17-1012,,,19580
6115,30437.815,24287.8516,6149.9634,Fishing and hunting workers,6115.0,45-3031,,,
7160,30165.4208,30165.4208,0.0,Automotive glass installers and repairers,7160.0,49-3022,,,18940
2862,30125.8871,30125.8871,0.0,Court reporters and simultaneous captioners,2862.0,27-3092,,,12630
3750,30079.5938,30079.5938,0.0,Fire inspectors ,3750.0,33-2020,,,16830
5900,30010.055,18279.8189,11730.2361,"Office machine operators, except computer",5900.0,43-9071,,,24740
6600,29549.7269,20346.8782,9202.8487,"Helpers, construction trades",6600.0,47-3010,,,186250
8310,29108.987,13997.0672,15111.9198,"Pressers, textile, garment, and related materials",8310.0,51-6021,,,26830
1640,28816.8167,28816.8167,0.0,Conservation scientists and foresters,1640.0,19-1030,,,35240
7300,28185.1747,28185.1747,0.0,Control and valve installers and repairers,7300.0,49-9010,,,74890
9570,27776.8742,15861.7256,11915.1486,"Conveyor, dredge, and hoist and winch operators",9570.0,53-70XX,,,7835730
7730,27734.0794,27734.0794,0.0,Engine and other machine assemblers,7730.0,51-2031,,,38420
8365,27345.6546,12878.0149,14467.6397,"Textile machine setters, operators, and tenders",8365.0,51-6060,,,49910
8130,26934.9881,26934.9881,0.0,Tool and die makers,8130.0,51-4111,,,55130
2755,26499.2591,26499.2591,0.0,"Disc jockeys, except radio ",2755.0,27-2091,,,8170
3210,25869.767,25869.767,0.0,Recreational therapists,3210.0,29-1125,,,15060
2440,25717.5936,25717.5936,0.0,Library technicians,2440.0,25-4031,,,73770
4330,25700.0236,19909.0607,5790.9629,Supervisors of personal care and service workers,4330.0,39-1000,,,0
2723,25506.0307,25506.0307,0.0,"Umpires, referees, and other sports officials",2723.0,27-2023,,,15080
1200,25192.8616,18370.629,6822.232599999999,Actuaries,1200.0,15-2011,,,28340
8530,25162.584,22148.7843,3013.7997,"Sawing machine setters, operators, and tenders, wood",8530.0,51-7041,,,43140
2013,24622.4905,24622.4905,0.0,Mental health and substance abuse social workers,2013.0,21-1023,,,125910
4525,24597.9874,18201.8073,6396.1801,Other personal appearance workers,4525.0,39-509X,,,230270
6120,24286.6028,24286.6028,0.0,Forest and conservation workers,6120.0,45-4011,,,5630
9430,24251.5246,24251.5246,0.0,Other transportation workers,9430.0,53-60XX,,,330150
8040,24161.8838,24161.8838,0.0,"Metal furnace operators, tenders, pourers, and casters",8040.0,51-4050,,,26160
3840,23841.3877,23841.3877,0.0,Parking enforcement workers,3840.0,33-3041,,,7770
2740,23523.1051,20280.3664,3242.7387,Dancers and choreographers,2740.0,27-2030,,,12490
8730,23504.2454,22573.3875,930.8579,"Furnace, kiln, oven, drier, and kettle operators and tenders",8730.0,51-9051,,,16160
7030,23433.0839,12695.6468,10737.4371,Avionics technicians,7030.0,49-2091,,,20900
425,22863.1405,22863.1405,0.0,Emergency management directors,425.0,11-9161,,,12570
6800,22561.4345,22561.4345,0.0,"Derrick, rotary drill, and service unit operators, oil and gas  ",6800.0,47-5010,,,68250
5230,22337.850400000003,22337.850400000003,0.0,"Credit authorizers, checkers, and clerks",5230.0,43-4041,,,11960
6460,22298.8509,7564.8662,14733.9847,Plasterers and stucco masons,6460.0,47-2161,,,20880
6400,21814.6694,3123.3093,18691.3601,Insulation workers,6400.0,47-2130,,,64250
8510,21723.008800000003,11353.4295,10369.5793,Furniture finishers,8510.0,51-7021,,,14230
135,21513.6819,21513.6819,0.0,Compensation and benefits managers,135.0,11-3111,,,20070
2005,21102.3287,11557.3339,9544.9948,Rehabilitation counselors,2005.0,21-1015,,,88930
3256,20871.3474,20871.3474,0.0,Nurse anesthetists,3256.0,29-1151,,,50350
6010,20725.0822,20725.0822,0.0,Agricultural inspectors,6010.0,45-2011,,,12090
8450,20702.1146,14761.1729,5940.941699999999,Upholsterers,8450.0,51-6093,,,20990
7100,20013.7725,20013.7725,0.0,"Electrical and electronics repairers, industrial and utility ",7100.0,49-209X,,,241630
3261,19834.7451,14696.827,5137.9181,Acupuncturists,3261.0,29-1291,,,8440
6360,19377.4283,7484.0205,11893.4078,Glaziers,6360.0,47-2121,,,57000
2105,18812.9232,18073.9192,739.004,Judicial law clerks,2105.0,23-1012,,,13220
6540,18597.1531,18597.1531,0.0,Solar photovoltaic installers,6540.0,47-2231,,,28280
8720,18555.1655,18555.1655,0.0,"Extruding, forming, pressing, and compacting machine setters, operators, and tenders",8720.0,51-9041,,,57310
7560,18327.1007,16983.3733,1343.7274,Riggers,7560.0,49-9096,,,24190
9110,18301.7679,14052.5576,4249.2103,"Ambulance drivers and attendants, except emergency medical technicians",9110.0,53-3011,,,12080
5910,18221.9113,12795.6631,5426.2482,Proofreaders and copy markers,5910.0,43-9081,,,5160
1700,17883.7776,13017.6103,4866.1673,Astronomers and physicists,1700.0,19-2010,,,22900
4461,17175.572399999997,17175.572399999997,0.0,"Embalmers, crematory operators and funeral attendants",4461.0,39-40XX,,,62630
7850,16818.6865,16818.6865,0.0,Food cooking machine operators and tenders,7850.0,51-3093,,,27660
7925,16784.0219,16784.0219,0.0,"Forming machine setters, operators, and tenders, metal and plastic",7925.0,51-4020,,,96810
8335,15628.8779,5787.5272,9841.3507,Shoe and leather workers,8335.0,51-6040,,,10910
5500,15516.7479,15516.7479,0.0,Cargo and freight agents,5500.0,43-5011,,,97800
1910,15171.649,15171.649,0.0,Biological technicians,1910.0,19-4021,,,76190
3801,15066.2388,15066.2388,0.0,Bailiffs,3801.0,33-3011,,,16910
7040,14832.6355,14832.6355,0.0,"Electric motor, power tool, and related repairers",7040.0,49-2092,,,16570
2631,14109.9399,1817.434,12292.5059,Commercial and industrial designers,2631.0,27-1021,,,30250
1440,13250.2609,13250.2609,0.0,Marine engineers and naval architects,1440.0,17-2121,,,8440
6835,13083.196800000002,13083.196800000002,0.0,"Explosives workers, ordnance handling experts, and blasters",6835.0,47-5032,,,5680
9300,13047.4309,13047.4309,0.0,Sailors and marine oilers,9300.0,53-5011,,,31360
1520,12780.5274,12780.5274,0.0,Petroleum engineers,1520.0,17-2171,,,18970
3140,12755.373,12755.373,0.0,Audiologists,3140.0,29-1181,,,14730
6740,12678.7513,5466.4652,7212.286099999999,Rail-track laying and maintenance equipment operators,6740.0,47-4061,,,16480
1800,12658.3067,7586.861,5071.4457,Economists,1800.0,19-3011,,,15880
6720,12220.8165,2248.0569,9972.7596,Hazardous materials removal workers,6720.0,47-4041,,,50570
3900,12148.6359,12148.6359,0.0,Animal control workers,3900.0,33-9011,,,11790
510,12003.8925,12003.8925,0.0,"Buyers and purchasing agents, farm products",510.0,13-1021,,,
1821,11583.4309,11153.8239,429.607,Clinical and counseling psychologists,1821.0,19-3033,,,72190
8930,10684.6397,10684.6397,0.0,"Paper goods machine setters, operators, and tenders",8930.0,51-9196,,,96950
3200,10534.5531,9486.2158,1048.3373,Radiation therapists,3200.0,29-1124,,,18700
8465,10473.0372,6079.5384,4393.4988,"Other textile, apparel, and furnishings workers",8465.0,51-609X,,,53200
2865,10319.6257,10319.6257,0.0,"Media and communication workers, all other",2865.0,27-3099,,,23590
1600,10200.8621,10200.8621,0.0,Agricultural and food scientists,1600.0,19-1010,,,33440
7830,9844.6861,9844.6861,0.0,"Food and tobacco roasting, baking, and drying machine operators and tenders",7830.0,51-3091,,,19500
9650,9496.477,9496.477,0.0,Pumping station operators,9650.0,53-7070,,,35060
7610,9236.5581,5478.0075,3758.5506,"Helpers--installation, maintenance, and repair workers",7610.0,49-9098,,,97540
1935,8589.2889,8589.2889,0.0,Environmental  science and geoscience technicians,1935.0,19-4040,,,52040
6210,8170.992999999999,8170.992999999999,0.0,Boilermakers,6210.0,47-2011,,,10170
2805,7789.8971,7789.8971,0.0,Broadcast announcers and radio disc jockeys,2805.0,27-3011,,,23880
1710,7267.7031,7267.7031,0.0,Atmospheric and space scientists,1710.0,19-2021,,,8780
5340,6451.3915,4623.1797,1828.2118,New accounts clerks,5340.0,43-4141,,,38030
3120,5896.3688,5896.3688,0.0,Podiatrists,3120.0,29-1081,,,9520
8256,5800.3463,5800.3463,0.0,Print binding and finishing workers,8256.0,51-5113,,,36470
4160,5619.6945,0.0,5619.6945,"Food preparation and serving related workers, all other",4160.0,35-9099,,,89580
5010,5303.6525,5303.6525,0.0,"Switchboard operators, including answering service",5010.0,43-2011,,,35730
9840,4163.7742,0.0,4163.7742,,,,,Armed Forces (military),
8250,1747.4602,1747.4602,0.0,Prepress technicians and workers,8250.0,51-5111,,,23070
8025,1143.6786,1143.6786,0.0,"Other machine tool setters, operators, and tenders, metal and plastic",8025.0,51-403X,,,282630
8910,658.0215,658.0215,0.0,Etchers and engravers,8910.0,51-9194,,,8390
