occ2018,total_lf,native,foreign,2018 Census Title ,2018 Census Code,2018 SOC Code,2018 SOC Title,2018 Census Title
0440,5801135.97,4808726.5324,992409.4376,"Managers, all other",0440,11-9199,,
3255,3720583.5537,3003812.1087,716771.445,Registered nurses,3255,29-1141,,
2310,3690831.7715,3391622.8454,299208.9261,Elementary and middle school teachers,2310,25-2020,,
9130,3595899.7557,2782861.2118,813038.5438999999,Driver/sales workers and truck drivers,9130,53-3030,,
4700,3155296.8926,2667537.0836,487759.809,First-Line supervisors of retail sales workers,4700,41-1011,,
5240,2864955.3985,2483342.2345,381613.164,Customer service representatives,5240,43-4051,,
4720,2837675.0272,2439068.946,398606.0812,Cashiers,4720,41-2010,,
4760,2779446.5804000003,2443838.674,335607.9064,Retail salespersons,4760,41-2031,,
6260,2582631.3793,1355038.3129,1227593.0664,Construction laborers,6260,47-2061,,
4220,2362100.5272,1552729.0584,809371.4688,Janitors and building cleaners,4220,37-201X,,
9620,2320535.0947,1867525.8192,453009.2755,"Laborers and freight, stock, and material movers, hand",9620,53-7062,,
4020,2273352.3985,1574545.3744,698807.0241,Cooks,4020,35-2010,,
1021,2272858.8241,1365836.9579,907021.8662,Software developers,1021,15-1252,,
3602,1985571.1971,1539123.9996,446447.1975,Personal care aides,3602,31-1122,,
9645,1841544.7406,1500186.5872,341358.1534,Stockers and order fillers,9645,53-7065,,
0800,1821506.6398,1485049.1454,336457.4944,Accountants and auditors,0800,13-2011,,
4110,1801248.4273,1428385.1401,372863.2872,Waiters and waitresses,4110,35-3031,,
0010,1661377.0483,1413646.2555,247730.7928,Chief executives,0010,11-1011,,
4230,1555034.5113,643776.9215,911257.5898,Maids and housekeeping cleaners,4230,37-2012,,
2545,1530505.6398999998,1277679.4633,252826.1766,Teaching assistants,2545,25-9040,,
5740,1512076.0025999998,1396722.1714,115353.8312,"Secretaries and administrative assistants, except legal, medical, and executive",5740,43-6014,,
3603,1500620.2243,1183883.958,316736.2663,Nursing assistants,3603,31-1131,,
0120,1446354.456,1219555.5672,226798.8888,Financial managers,0120,11-3031,,
0020,1421939.1146999998,1278832.2487,143106.866,General and operations managers,0020,11-1021,,
5000,1391855.5754,1249640.8785,142214.6969,First-Line supervisors of office and administrative support workers,5000,43-1011,,
5860,1368449.0508,1214829.7378,153619.313,"Office clerks, general",5860,43-9061,,
4251,1313507.3786,805733.2088,507774.1698,Landscaping and groundskeeping workers,4251,37-3011,,
5400,1312472.5186,1149901.6553,162570.8633,Receptionists and information clerks,5400,43-4171,,
0310,1294423.9845,985211.0706,309212.9139,Food service managers,0310,11-9051,,
0220,1264855.8526,1059255.7125,205600.1401,Construction managers,0220,11-9021,,
8990,1254470.7532,921234.3803,333236.3729,Other production workers,8990,51-91XX,,
5120,1223282.2234999998,1043397.8908,179884.3327,"Bookkeeping, accounting, and auditing clerks",5120,43-3031,,
6230,1206902.7152,768451.0455,438451.6697,Carpenters,6230,47-2031,,
1108,1194025.4192,948408.759,245616.6602,"Computer occupations, all other",1108,15-1299,,
2100,1173167.8333,1067444.1387,105723.6946,Lawyers,2100,23-1011,,
0230,1151989.4803,1012230.9013,139758.579,Education and childcare administrators ,0230,11-9030,,
0705,1144521.1844,974331.5157,170189.6687,Project management specialists,0705,13-1082,,
4920,1128809.2298,921653.6028,207155.627,Real estate brokers and sales agents,4920,41-9020,,
4600,1121113.056,753782.6904,367330.3656,Childcare workers,4600,39-9011,,
4850,1103120.3050000002,964531.5306,138588.7744,"Sales representatives, wholesale and manufacturing",4850,41-4010,,
2360,1102001.301,927821.2495,174180.0515,Other teachers and instructors,2360,25-30XX,,
4055,1091949.636,981647.5467,110302.0893,Fast food and counter workers,4055,35-3023,,
6355,1088687.4471,913704.3862,174983.0609,Electricians,6355,47-2111,,
2205,1076538.4299,776626.6873,299911.7426,Postsecondary teachers,2205,25-1000,,
4030,1071744.3728,759425.2284,312319.1444,Food preparation workers,4030,35-2021,,
3930,1070393.9453,940189.1708,130204.7745,Security guards and gambling surveillance officers,3930,33-9030,,
0710,1063557.726,903597.2013,159960.5247,Management analysts,0710,13-1111,,
4710,1059764.5639,862050.5447,197714.0192,First-Line supervisors of non-retail sales workers,4710,41-1012,,
7750,1028649.2551,836562.8931,192086.362,Other assemblers and fabricators,7750,51-20XX,,
0350,961240.3167,821776.4267,139463.89,Medical and health services managers,0350,11-9111,,
5510,915729.6933,717150.2002,198579.4931,Couriers and messengers,5510,43-5021,,
3090,885507.1714999999,683187.4157,202319.7558,Other physicians,3090,29-12XX,,
6050,881377.3282999999,441286.0153,440091.313,Miscellaneous agricultural workers,6050,45-2090,,
0630,858244.3167999999,761338.8239,96905.4929,Human resources workers,0630,13-1070,,
5940,856955.307,753468.7864,103486.5206,"Office and administrative support workers, all other",5940,43-9199,,
0410,846995.1854,741027.6207,105967.5647,"Property, real estate, and community association managers",0410,11-9141,,
6200,845673.5107999999,661813.8474,183859.6634,First-line supervisors of construction trades and extraction workers,6200,47-1011,,
8740,812641.4675,650207.909,162433.55849999998,"Inspectors, testers, sorters, samplers, and weighers",8740,51-9061,,
2320,810671.4789,732193.9587,78477.5202,Secondary school teachers,2320,25-2030,,
3601,763017.4849,404540.5238,358476.9611,Home health aides,3601,31-1121,,
4510,762993.3877999999,626526.933,136466.4548,"Hairdressers, hairstylists, and cosmetologists",4510,39-5012,,
7340,760239.2432,634866.5873,125372.6559,"Maintenance and repair workers, general",7340,49-9071,,
7200,754089.0788,625044.4305,129044.6483,Automotive service technicians and mechanics,7200,49-3023,,
2300,725682.0814,623098.5877,102583.4937,Preschool and kindergarten teachers,2300,25-2010,,
1530,723372.2317,506382.954,216989.2777,"Engineers, all other",1530,17-2199,,
0205,722817.0606999999,709330.7775,13486.2832,"Farmers, ranchers, and other agricultural managers",0205,11-9013,,
-001,717270.0977,601566.3354,115703.7623,,,,,Occupation not reported
7700,713473.9792,585118.1521,128355.8271,First-line supervisors of production and operating workers,7700,51-1011,,
0110,709911.9410999999,539689.8347,170222.1064,Computer and information systems managers,0110,11-3021,,
1050,702330.1878000001,584998.2946,117331.8932,Computer support specialists,1050,15-1230,,
6442,682556.9533,581905.6877,100651.2656,"Plumbers, pipefitters, and steamfitters",6442,47-2152,,
9600,680092.1545,493580.2131,186511.9414,Industrial truck and tractor operators,9600,53-7051,,
3645,670646.3257,577092.6668,93553.6589,Medical assistants,3645,31-9092,,
0051,664517.0776999999,577422.2782,87094.79950000001,Marketing managers,0051,11-2021,,
4810,656318.8417,529518.2588,126800.5829,Insurance sales agents,4810,41-3021,,
3870,646248.4909,626272.3864,19976.1045,Police officers,3870,33-3050,,
5610,640262.8145,503344.5024,136918.3121,"Shipping, receiving, and inventory clerks",5610,43-5071,,
6410,626009.5275,291102.7657,334906.7618,Painters and paperhangers,6410,47-2140,,
9142,621983.0699,234653.7047,387329.3652,Taxi drivers,9142,53-3054,,
0750,610392.5995,534899.6794,75492.9201,"Business operations specialists, all other",0750,13-1199,,
7315,608473.4645,481969.4336000001,126504.0309,"Heating, air conditioning, and refrigeration mechanics and installers",7315,49-9021,,
3500,597611.7101,509586.8581,88024.852,Licensed practical and licensed vocational nurses,3500,29-2061,,
2014,596521.2911,529363.3265,67157.9646,"Social workers, all other",2014,21-1029,,
4840,594692.8277,498335.0899,96357.7378,"Sales representatives of services, except advertising, insurance, financial services, and travel",4840,41-3091,,
9640,578525.9301,352835.0375,225690.8926,"Packers and packagers, hand",9640,53-7064,,
0850,572272.2733,522290.599,49981.6743,Personal financial advisors,0850,13-2052,,
8140,547187.1754000001,426108.2858,121078.8896,"Welding, soldering, and brazing workers",8140,51-4120,,
1006,547001.3836000001,436724.1119,110277.2717,Computer systems analysts,1006,15-1211,,
4010,540023.158,490215.5211,49807.6369,First-line supervisors of food preparation and serving workers,4010,35-1012,,
1240,538892.047,420264.5212,118627.5258,Other mathematical science occupations,1240,15-20XX,,
0052,531757.6537,455671.2085,76086.4452,Sales managers,0052,11-2022,,
4000,530674.6475,310809.6191,219865.0284,Chefs and head cooks,4000,35-1011,,
0735,523808.6094,422069.6826,101738.9268,Market research analysts and marketing specialists,0735,13-1161,,
1360,487171.8902,386320.1168,100851.7734,Civil engineers,1360,17-2051,,
0420,482998.0508,404611.3896,78386.6612,Social and community service managers,0420,11-9151,,
4040,474917.5021,424681.7199,50235.7822,Bartenders,4040,35-3011,,
4965,471676.0427,377351.1434,94324.8993,"Sales and related workers, all other",4965,41-9099,,
0910,457827.2858,424659.8432,33167.4426,Credit counselors and loan officers,0910,13-2070,,
6305,443375.5332,417232.4565,26143.0767,Construction equipment operators,6305,47-2070,,
9610,440188.6884,298639.5503,141549.1381,Cleaners of vehicles and equipment,9610,53-7061,,
2145,433590.3334,377606.1889,55984.1445,Paralegals and legal assistants,2145,23-2011,,
2040,431930.4209,397102.8462,34827.5747,Clergy,2040,21-2011,,
5550,426293.4175,383940.0255,42353.392,Postal service mail carriers,5550,43-5052,,
4350,425459.6537,413145.038,12314.6157,Animal caretakers,4350,39-2021,,
1460,424590.6837,342352.476,82238.2077,Mechanical engineers,1460,17-2141,,
0160,399296.8175,303947.6664,95349.1511,"Transportation, storage, and distribution managers",0160,11-3071,,
1760,395889.0172,205896.4493,189992.5679,"Physical scientists, all other",1760,19-2099,,
7330,395788.1396,323153.58640000003,72634.5532,Industrial and refractory machinery mechanics,7330,49-904X,,
1555,392255.1187,300589.0462,91666.0725,"Other engineering technologists and technicians, except drafters",1555,17-302X,,
4150,387693.2967,341517.213,46176.0837,"Hosts and hostesses, restaurant, lounge, and coffee shop",4150,35-9031,,
0540,377569.4816,345010.0335,32559.4481,"Claims adjusters, appraisers, examiners, and investigators",0540,13-1030,,
2330,369033.3699,340040.7672,28992.6027,Special education teachers,2330,25-2050,,
0845,368351.8711,295971.4234,72380.44769999999,Financial and investment analysts,0845,13-2051,,
5110,367209.8125,314254.3094,52955.5031,Billing and posting clerks,5110,43-3021,,
3740,365342.2031,365342.2031,0.0,Firefighters,3740,33-2011,,
7210,364548.6802,279172.4227,85376.25749999999,Bus and truck mechanics and diesel engine specialists,7210,49-3031,,
2722,363482.2496,347513.8075,15968.4421,Coaches and scouts,2722,27-2022,,
1970,354201.58599999995,302902.4051,51299.1809,"Other life, physical, and social science technicians",1970,19-40XX,,
4200,354057.6022,238680.9479,115376.6543,First-line supervisors of housekeeping and janitorial workers,4200,37-1011,,
3050,353213.14,290417.9852,62795.1548,Pharmacists,3050,29-1051,,
2002,346186.9409,322348.2797,23838.6612,"Educational, guidance, and career counselors and advisors",2002,21-1012,,
4210,339187.4278,245237.24,93950.1878,"First-line supervisors of landscaping, lawn service, and groundskeeping workers",4210,37-1012,,
2640,337536.8888,288540.6682,48996.2206,Other designers,2640,27-102X,,
3160,337416.3354,286208.9585,51207.3769,Physical therapists,3160,29-1123,,
6515,335957.9901,159900.177,176057.8131,Roofers,6515,47-2181,,
2634,335071.9502,295300.9952,39770.955,Graphic designers,2634,27-1024,,
4120,333479.179,286997.1059,46482.0731,"Food servers, nonrestaurant",4120,35-3041,,
3421,333149.0984,291159.4439,41989.6545,Pharmacy technicians,3421,29-2052,,
2600,330383.0476,299502.5011,30880.5465,Artists and related workers,2600,27-1010,,
0140,328040.56889999995,281144.4137,46896.1552,Industrial production managers,0140,11-3051,,
0530,326752.536,287475.6127,39276.9233,"Purchasing agents, except wholesale, retail, and farm products",0530,13-1023,,
1010,325617.77930000005,241655.0898,83962.68950000001,Computer programmers,1010,15-1251,,
0565,323550.8774,270691.3959,52859.4815,Compliance officers,0565,13-1041,,
0136,320956.2605,286556.608,34399.6525,Human resources managers,0136,11-3121,,
5810,316672.6809,285096.4669,31576.214,Data entry keyers,5810,43-9021,,
8030,313449.9771,261059.1731,52390.804,Machinists,8030,51-4041,,
3802,312128.7025,288077.1702,24051.5323,Correctional officers and jailers,3802,33-3012,,
9005,310908.1006,274390.6893,36517.4113,Supervisors of transportation and material moving workers,9005,53-1000,,
7800,309722.3019,218339.5048,91382.7971,Bakers,7800,51-3011,,
3300,308980.1788,231616.9001,77363.2787,Clinical laboratory technologists and technicians,3300,29-2010,,
4130,306530.5545,197568.9721,108961.5824,Dining room and cafeteria attendants and bartender helpers,4130,35-9011,,
9122,303666.3506,206609.5217,97056.8289,"Bus drivers, transit and intercity",9122,53-3052,,
5840,296515.69470000005,284213.20290000003,12302.4918,Insurance claims and policy processing clerks,5840,43-9041,,
1305,291341.7627,242984.8547,48356.908,"Architects, except landscape and naval",1305,17-1011,,
1007,290781.6083,240122.068,50659.5403,Information security analysts,1007,15-1212,,
2006,290741.6237,275864.5212,14877.1025,"Counselors, all other",2006,21-1019,,
4621,289761.7427,251635.7063,38126.0364,Exercise trainers and group fitness instructors,4621,39-9031,,
8800,287068.1588,130658.492,156409.6668,Packaging and filling machine operators and tenders,8800,51-9111,,
3258,286776.94680000003,263949.97010000004,22826.9767,Nurse practitioners,3258,29-1171,,
7000,286065.0262,269255.112,16809.9142,"First-line supervisors of mechanics, installers, and repairers",7000,49-1011,,
4950,284512.7024,231297.2567,53215.4457,"Door-to-door sales workers, news and street vendors, and related workers",4950,41-9091,,
1410,280114.847,217309.3193,62805.5277,Electrical and electronics engineers,1410,17-2070,,
3655,278419.865,226889.7846,51530.0804,Other healthcare support workers,3655,31-909X,,
4521,278314.3806,82954.7399,195359.6407,Manicurists and pedicurists,4521,39-5092,,
2710,273063.11010000005,228604.1892,44458.9209,Producers and directors,2710,27-2012,,
8225,270194.3316,205632.2157,64562.1159,Other metal workers and plastic workers,8225,51-4XXX,,
7640,267133.1261,205536.9641,61596.162,"Other installation, maintenance, and repair workers",7640,49-909X,,
5710,259915.3075,253520.6803,6394.6272,Executive secretaries and executive administrative assistants,5710,43-6011,,
9121,259903.8473,192240.5059,67663.3414,"Bus drivers, school",9121,53-3051,,
4435,258744.596,250333.7468,8410.8492,Other entertainment attendants and related workers,4435,39-30XX,,
3960,258404.5645,258404.5645,0.0,Other protective service workers,3960,33-909X,,
3245,257229.3906,233651.9694,23577.4212,"Therapists, all other",3245,29-1129,,
2004,249415.3106,222463.5197,26951.7909,Mental health counselors,2004,21-1014,,
2850,247845.3803,214001.7645,33843.6158,Writers and authors,2850,27-3043,,
0650,245881.3036,237072.6064,8808.697199999999,Training and development specialists,0650,13-1151,,
3640,245769.5588,194399.355,51370.2038,Dental assistants,3640,31-9091,,
1430,245370.0717,223938.0906,21431.9811,"Industrial engineers, including health and safety ",1430,17-2110,,
3310,237521.5778,211142.061,26379.5168,Dental hygienists,3310,29-1292,,
3323,237480.9257,208550.8164,28930.1093,Radiologic technologists and technicians,3323,29-2034,,
2910,233732.4333,206675.3517,27057.0816,Photographers,2910,27-4021,,
5600,233239.3306,205678.9345,27560.3961,"Production, planning, and expediting clerks",5600,43-5061,,
4140,232470.418,163462.8935,69007.5245,Dishwashers,4140,35-9021,,
3230,226519.7284,201936.9288,24582.7996,Speech-language pathologists,3230,29-1127,,
7220,222014.8156,191151.1261,30863.6895,Heavy vehicle and mobile equipment service technicians and mechanics,7220,49-3040,,
0150,217737.7872,195662.6006,22075.1866,Purchasing managers,0150,11-3061,,
7810,216447.5161,153381.5025,63066.0136,"Butchers and other meat, poultry, and fish processing workers",7810,51-3020,,
3010,211905.5118,153603.8604,58301.6514,Dentists,3010,29-1020,,
0520,210526.4207,190463.0584,20063.3623,"Wholesale and retail buyers, except farm products",0520,13-1022,,
5160,204785.8687,188340.2033,16445.665399999998,Tellers,5160,43-3071,,
0700,202811.0273,176555.3471,26255.6802,Logisticians,0700,13-1081,,
2001,201875.5525,170072.0994,31803.4531,Substance abuse and behavioral disorder counselors,2001,21-1011,,
0725,201440.9887,188637.3849,12803.6038,"Meeting, convention, and event planners",0725,13-1121,,
1105,196209.9381,148304.9871,47904.951,Network and computer systems administrators,1105,15-1244,,
2350,194926.8836,179055.2842,15871.5994,Tutors,2350,25-3041,,
1065,193117.7888,150872.3216,42245.4672,Database administrators and architects,1065,15-124X,,
3630,191986.0877,131920.666,60065.4217,Massage therapists,3630,31-9011,,
3910,189958.1527,151638.7427,38319.41,Private detectives and investigators,3910,33-9021,,
2435,189765.1242,185419.6575,4345.4667,Librarians and media collections specialists,2435,25-4022,,
0300,188167.0414,132240.2614,55926.78,Architectural and engineering managers,0300,11-9041,,
4820,185527.8827,168689.8769,16838.0058,"Securities, commodities, and financial services sales agents",4820,41-3031,,
0600,183747.3682,161312.4385,22434.9297,Cost estimators,0600,13-1051,,
5140,182574.7155,170190.9641,12383.7514,Payroll and timekeeping clerks,5140,43-3051,,
9030,180764.7837,161530.73619999998,19234.0475,Aircraft pilots and flight engineers,9030,53-2010,,
7140,179913.0429,153832.4969,26080.546,Aircraft mechanics and service technicians,7140,49-3011,,
2752,170054.247,149093.8871,20960.3599,Musicians and singers,2752,27-2042,,
5522,169898.7182,146544.1868,23354.5314,"Dispatchers, except police, fire, and ambulance",5522,43-5032,,
5310,165717.2844,158373.054,7344.2304,"Interviewers, except eligibility and loan",5310,43-4111,,
9720,162671.7388,112963.5163,49708.2225,Refuse and recyclable material collectors,9720,53-7081,,
2555,162438.9589,143512.1165,18926.8424,Other educational instruction and library workers,2555,25-90XX,,
9050,160768.4202,148658.95309999998,12109.4671,Flight attendants,9050,53-2031,,
3110,159190.6568,125890.6034,33300.0534,Physician assistants,3110,29-1071,,
4655,158044.0252,128570.1786,29473.8466,"Personal care and service workers, all other",4655,39-9099,,
8810,157815.8259,120097.7834,37718.0425,Painting workers,8810,51-9120,,
3322,157312.1153,154611.7904,2700.3249,Diagnostic medical sonographers,3322,29-2032,,
1320,156378.9647,136738.7077,19640.257,Aerospace engineers,1320,17-2011,,
9150,156008.5796,134112.6125,21895.9671,"Motor vehicle operators, all other",9150,53-3099,,
8300,154962.3118,84940.0483,70022.2635,Laundry and dry-cleaning workers,8300,51-6011,,
2012,153001.5173,136608.2379,16393.2794,Healthcare social workers,2012,21-1022,,
2016,151638.2389,130114.7353,21523.5036,Social and human service assistants,2016,21-1093,,
8620,150990.1286,144854.0722,6136.0564,Water and wastewater treatment plant and system operators,8620,51-8031,,
4800,149879.9996,130400.2112,19479.7884,Advertising sales agents,4800,41-3011,,
3550,149117.1483,142482.987,6634.1613,Other healthcare practitioners and technical occupations,3550,29-9000,,
3030,147992.9265,127217.8466,20775.0799,Dietitians and nutritionists,3030,29-1031,,
1825,147540.6021,125301.4938,22239.1083,Other psychologists,1825,19-303X,,
5300,147024.92200000002,134621.7563,12403.1657,"Hotel, motel, and resort desk clerks",5300,43-4081,,
1220,145235.7661,134749.46050000002,10486.3056,Operations research analysts,1220,15-2031,,
6520,143033.1468,130304.8197,12728.3271,Sheet metal workers,6520,47-2211,,
3401,142747.4631,142747.4631,0.0,Emergency medical technicians,3401,29-2042,,
0860,141905.5721,131669.7101,10235.862,Insurance underwriters,0860,13-2053,,
4750,141451.4617,115877.8198,25573.6419,Parts salespersons,4750,41-2022,,
4622,141424.6473,132616.9426,8807.7047,Recreation workers,4622,39-9032,,
0960,141277.9745,91881.434,49396.5405,Other financial specialists,0960,13-20XX,,
8255,140694.18,125397.9545,15296.2255,Printing press operators,8255,51-5112,,
5260,139338.2648,116201.2573,23137.0075,File clerks,5260,43-4071,,
0940,139240.2765,111583.6611,27656.6154,Tax preparers,0940,13-2082,,
3422,138540.0974,114267.317,24272.7804,Psychiatric technicians,3422,29-2053,,
3545,136314.4192,124839.7763,11474.6429,Miscellaneous health technologists and technicians,3545,29-2090,,
1720,136259.9839,101094.5454,35165.438500000004,Chemists and materials scientists,1720,19-2030,,
3150,136167.9238,130647.3115,5520.6123,Occupational therapists,3150,29-1122,,
2635,135498.95870000002,121983.4927,13515.466,Interior designers,2635,27-1025,,
0060,133912.7612,133356.3059,556.4553,Public relations and fundraising managers,0060,11-2030,,
6220,133367.5361,83112.0856,50255.4505,"Brickmasons, blockmasons, and stonemasons",6220,47-2020,,
4500,133202.0899,109615.0989,23586.991,Barbers,4500,39-5011,,
6330,132869.9246,57570.1033,75299.8213,"Drywall installers, ceiling tile installers, and tapers",6330,47-2080,,
3620,132218.79200000002,122941.0898,9277.7022,Physical therapist assistants and aides,3620,31-2020,,
2025,129848.5426,101045.1964,28803.3462,Other community and social service specialists,2025,21-109X,,
8320,129202.994,73058.88339999999,56144.1106,Sewing machine operators,8320,51-6031,,
7720,128973.1051,89794.9534,39178.1517,"Electrical, electronics, and electromechanical assemblers",7720,51-2020,,
3820,128903.1074,109322.6379,19580.4695,Detectives and criminal investigators,3820,33-3021,,
7420,128894.7522,116692.1635,12202.5887,Telecommunications line installers and repairers,7420,49-9052,,
6660,128813.3122,111873.15,16940.1622,Construction and building inspectors,6660,47-4011,,
7260,127550.1198,105371.8589,22178.2609,"Miscellaneous vehicle and mobile equipment mechanics, installers, and repairers",7260,49-3090,,
3515,127502.2862,127502.2862,0.0,Medical records specialists,3515,29-2072,,
7150,127089.9733,68379.3176,58710.6557,Automotive body and related repairers,7150,49-3021,,
7010,126899.0287,109317.745,17581.2837,"Computer, automated teller, and office machine repairers",7010,49-2011,,
7020,126527.0306,94625.6385,31901.3921,Radio and telecommunications equipment installers and repairers,7020,49-2020,,
7410,124664.5233,119107.2112,5557.3121,Electrical power-line installers and repairers,7410,49-9051,,
5165,124379.5435,106587.3084,17792.235099999998,"Financial clerks, all other",5165,43-3099,,
8610,123283.2937,108325.1452,14958.1485,Stationary engineers and boiler operators,8610,51-8021,,
3402,122002.1414,93210.6654,28791.476,Paramedics,3402,29-2043,,
4400,120641.6465,97330.5851,23311.0614,Gambling services workers,4400,39-3010,,
1350,119636.1873,82240.4288,37395.7585,Chemical engineers,1350,17-2041,,
2920,119196.9951,110367.5155,8829.4796,"Television, video, and film camera operators and editors",2920,27-4030,,
0102,118738.4303,103899.813,14838.6173,Facilities managers,0102,11-3013,,
4522,117276.7286,93479.6353,23797.0933,Skincare specialists,4522,39-5094,,
3220,116442.4216,75091.4054,41351.0162,Respiratory therapists,3220,29-1126,,
7840,116192.9949,85603.2904,30589.7045,Food batchmakers,7840,51-3092,,
3649,115710.0195,71510.3938,44199.6257,Phlebotomists,3649,31-9097,,
2825,114638.367,110312.9835,4325.3835,Public relations specialists,2825,27-3031,,
0101,114396.0907,99447.3241,14948.7666,Administrative services managers,0101,11-3012,,
0340,109961.2221,97588.4026,12372.8195,Lodging managers,0340,11-9081,,
5410,109783.934,94239.7032,15544.2308,Reservation and transportation ticket agents and travel clerks,5410,43-4181,,
3423,108024.3641,90754.5686,17269.7955,Surgical technologists,3423,29-2055,,
2400,105468.318,105468.318,0.0,"Archivists, curators, and museum technicians",2400,25-4010,,
9141,105456.8929,72835.0232,32621.8697,Shuttle drivers and chauffeurs,9141,53-3053,,
4240,104922.1812,91930.1768,12992.0044,Pest control workers,4240,37-2021,,
7855,104750.6696,79864.2105,24886.4591,"Food processing workers, all other",7855,51-3099,,
3424,104664.3559,104385.4243,278.9316,Veterinary technologists and technicians,3424,29-2056,,
4252,104389.311,74380.6645,30008.646500000003,Tree trimmers and pruners,4252,37-3013,,
2905,101683.7061,101683.7061,0.0,"Broadcast, sound, and lighting technicians",2905,27-4010,,
1650,100440.1618,38900.2213,61539.9405,Medical scientists,1650,19-1040,,
9365,100090.7043,87912.2302,12178.4741,Transportation service attendants,9365,53-6030,,
2830,99545.2938,93207.6844,6337.6094,Editors,2830,27-3041,,
5630,99086.3014,73847.8974,25238.404,"Weighers, measurers, checkers, and samplers, recordkeeping",5630,43-5111,,
2861,98071.3432,48135.9638,49935.3794,Interpreters and translators,2861,27-3091,,
5100,96917.3239,85701.2991,11216.0248,Bill and account collectors,5100,43-3011,,
3710,96900.173,92239.8398,4660.3332,First-line supervisors of police and detectives,3710,33-1012,,
2170,96312.9023,88514.1562,7798.7461,"Title examiners, abstractors, and searchers",2170,23-2093,,
2810,96290.3187,95369.587,920.7317,"News analysts, reporters, and journalists",2810,27-3023,,
5521,94040.5584,88448.2298,5592.3286,Public safety telecommunicators,5521,43-5031,,
0820,94008.4162,65691.6851,28316.7311,Budget analysts,0820,13-2031,,
1106,93831.4503,87093.5508,6737.8995,Computer network architects,1106,15-1241,,
3945,92586.0454,83323.3659,9262.6795,Transportation security screeners,3945,33-9093,,
5250,89656.4941,81545.7316,8110.7625,"Eligibility interviewers, government programs",5250,43-4061,,
1400,89282.67009999999,51591.1479,37691.5222,Computer hardware engineers,1400,17-2061,,
5330,88292.9413,68297.6438,19995.2975,Loan interviewers and clerks,5330,43-4131,,
5540,87170.5149,67746.8948,19423.6201,Postal service clerks,5540,43-5051,,
6730,86832.1301,71588.9098,15243.2203,Highway maintenance workers,6730,47-4051,,
7905,86545.30889999999,73974.0005,12571.3084,Computer numerically controlled tool operators and programmers,7905,51-9160,,
8760,85381.0426,71944.2424,13436.8002,Dental and ophthalmic laboratory technicians and medical appliance technicians,8760,51-9080,,
8950,84858.96429999999,47294.034,37564.9303,Helpers--production workers,8950,51-9198,,
5730,84663.7638,75024.0491,9639.7147,Medical secretaries and administrative assistants,5730,43-6013,,
5360,84378.29980000001,77667.5929,6710.7069,"Human resources assistants, except payroll and timekeeping",5360,43-4161,,
2770,84105.2641,84105.2641,0.0,"Entertainers and performers, sports and related workers, all other",2770,27-2099,,
2050,84099.79920000001,84099.79920000001,0.0,"Directors, religious activities and education",2050,21-2021,,
2060,83528.1544,79204.4491,4323.7053,"Religious workers, all other",2060,21-2099,,
4830,82324.10269999999,77911.26849999999,4412.8342,Travel agents,4830,41-3041,,
3725,81600.5463,74766.0889,6834.457399999999,First-line supervisors of security workers,3725,33-1091,,
1450,80912.2475,47910.21,33002.0375,Materials engineers,1450,17-2131,,
9510,80549.9833,74468.425,6081.5583,Crane and tower operators,9510,53-7021,,
4340,80457.8121,65669.4715,14788.3406,Animal trainers,4340,39-2011,,
7950,78348.1207,69020.0713,9328.0494,"Cutting, punching, and press machine setters, operators, and tenders, metal and plastic",7950,51-4031,,
6240,78201.0588,47142.0565,31059.0023,"Carpet, floor, and tile installers and finishers",6240,47-2040,,
8650,77632.3963,47857.8568,29774.5395,"Crushing, grinding, polishing, mixing, and blending workers",8650,51-9020,,
5350,77486.2026,67491.4226,9994.78,Order clerks,5350,43-4151,,
1920,76466.9754,69825.34479999999,6641.6306,Chemical technicians,1920,19-4031,,
1980,76458.61249999999,75554.6448,903.9677,Occupational health and safety specialists and technicians,1980,19-5010,,
1551,76006.0034,51946.0422,24059.9612,Electrical and electronic engineering technologists and technicians,1551,17-3023,,
3100,75789.0038,60734.462,15054.5418,Surgeons,3100,29-1240,,
5420,75627.9756,65592.1679,10035.8077,"Information and record clerks, all other",5420,43-4199,,
4530,75304.1505,60909.3674,14394.7831,"Baggage porters, bellhops, and concierges",4530,39-6010,,
4540,75271.5973,75271.5973,0.0,Tour and travel guides,4540,39-7010,,
6441,74976.0154,38166.9897,36809.0257,Pipelayers,6441,47-2151,,
2011,74928.5325,70267.5267,4661.0058,"Child, family, and school social workers",2011,21-1021,,
5820,74539.4617,46501.4136,28038.0481,Word processors and typists,5820,43-9022,,
6530,74160.865,68373.8128,5787.0522,Structural iron and steel workers,6530,47-2221,,
0335,74019.5924,61165.6416,12853.9508,Entertainment and recreation managers,0335,11-9070,,
3000,73861.3288,73861.3288,0.0,Chiropractors,3000,29-1011,,
3250,73320.2433,52097.2464,21222.9969,Veterinarians,3250,29-1131,,
1610,72507.20400000001,70999.888,1507.316,Biological scientists,1610,19-1020,,
0726,71756.7352,71329.2083,427.5269,Fundraisers,0726,13-1131,,
9760,71182.9417,60826.3931,10356.5486,Other material moving workers,9760,53-71XX,,
4740,71152.8186,71152.8186,0.0,Counter and rental clerks,4740,41-2021,,
5320,70838.09580000001,49724.9198,21113.176,"Library assistants, clerical",5320,43-4121,,
1031,70032.8432,60157.7731,9875.0701,Web developers,1031,15-1254,,
0640,69616.43519999999,66323.9849,3292.4503,"Compensation, benefits, and job analysis specialists",0640,13-1141,,
2180,68529.8262,68529.8262,0.0,"Legal support workers, all other",2180,23-2099,,
3324,68434.811,59450.5791,8984.231899999999,Magnetic resonance imaging technologists,3324,29-2035,,
1545,67365.9132,57251.1688,10114.7444,Other drafters,1545,17-301X,,
8350,67274.8218,38572.8665,28701.9553,"Tailors, dressmakers, and sewers",8350,51-6050,,
3700,66317.1689,66317.1689,0.0,First-line supervisors of correctional officers,3700,33-1011,,
2751,65156.9359,49202.142100000005,15954.7938,Music directors and composers,2751,27-2041,,
1822,64801.11839999999,60814.4835,3986.6349,School psychologists,1822,19-3034,,
1745,64531.4097,64531.4097,0.0,"Environmental scientists and specialists, including health",1745,19-2041,,
0500,64327.3226,59609.7688,4717.5538,"Agents and business managers of artists, performers, and athletes",0500,13-1011,,
0137,64169.789,64169.789,0.0,Training and development managers,0137,11-3131,,
9410,63928.73959999999,57305.4446,6623.295,Transportation inspectors,9410,53-6051,,
3605,63761.3417,55441.9493,8319.3924,Orderlies and psychiatric aides,3605,31-113X,,
6250,63628.7819,32713.1576,30915.6243,"Cement masons, concrete finishers, and terrazzo workers",6250,47-2050,,
5220,63365.4821,58224.5423,5140.9398,"Court, municipal, and license clerks",5220,43-4031,,
8000,63041.7646,45893.1796,17148.585,"Grinding, lapping, polishing, and buffing machine tool setters, operators, and tenders, metal and plastic",8000,51-4033,,
0360,63007.6264,57872.7558,5134.8706,Natural sciences managers,0360,11-9121,,
3321,62932.9568,48344.8512,14588.1056,Cardiovascular technologists and technicians,3321,29-2031,,
1900,62264.4561,34965.3286,27299.1275,Agricultural and food science technicians,1900,19-4010,,
8640,62121.3392,54440.309,7681.0302,"Chemical processing machine setters, operators, and tenders",8640,51-9010,,
2632,61734.9157,56659.4513,5075.4644,Fashion designers,2632,27-1022,,
3040,61537.4234,49284.9366,12252.4868,Optometrists,3040,29-1041,,
1005,60939.9993,34212.8063,26727.193,Computer and information research scientists,1005,15-1221,,
0930,60435.8675,46494.8148,13941.0527,"Tax examiners and collectors, and revenue agents",0930,13-2081,,
3610,60402.1538,60402.1538,0.0,Occupational therapy assistants and aides,3610,31-2010,,
1420,60235.6759,48017.9349,12217.741,Environmental engineers,1420,17-2081,,
2700,59055.6737,51022.1622,8033.5115,Actors,2700,27-2011,,
4465,58714.2395,58714.2395,0.0,"Morticians, undertakers, and funeral arrangers",4465,39-4031,,
1032,58706.8242,49468.1834,9238.6408,Web and digital interface designers,1032,15-1255,,
9240,58010.4313,58010.4313,0.0,Railroad conductors and yardmasters,9240,53-4031,,
7350,57643.2153,44814.8546,12828.3607,"Maintenance workers, machinery",7350,49-9043,,
6950,57488.5873,46877.4362,10611.1511,Other extraction workers,6950,47-50XX,,
9350,56993.985400000005,36583.8657,20410.1197,Parking attendants,9350,53-6021,,
7360,56558.4821,56558.4821,0.0,Millwrights,7360,49-9044,,
7320,56387.3213,27179.3577,29207.963600000003,Home appliance repairers,7320,49-9031,,
3646,55823.9022,55823.9022,0.0,Medical transcriptionists,3646,31-9094,,
0040,54634.7824,43641.2626,10993.5198,Advertising and promotions managers,0040,11-2011,,
5720,53431.5702,38789.0183,14642.5519,Legal secretaries and administrative assistants,5720,43-6012,,
6700,52529.4229,47658.0634,4871.3595,Elevator and escalator installers and repairers,6700,47-4021,,
3940,51937.2303,43149.4381,8787.7922,Crossing guards and flaggers,3940,33-9091,,
0810,51804.5043,50922.471,882.0333,Property appraisers and assessors,0810,13-2020,,
7430,51604.7255,42964.15,8640.5755,Precision instrument and equipment repairers,7430,49-9060,,
4420,51399.7887,37363.5517,14036.237,"Ushers, lobby attendants, and ticket takers",4420,39-3031,,
8750,50915.6057,44724.4782,6191.1275,Jewelers and precious stone and metal workers,8750,51-9071,,
7130,50840.5883,50169.203,671.3853,Security and fire alarm systems installers,7130,49-2098,,
1310,50641.0808,45458.2037,5182.8771,"Surveyors, cartographers, and photogrammetrists",1310,17-1020,,
3430,50158.3217,49548.1753,610.1464,Dietetic technicians and ophthalmic medical technicians,3430,29-205X,,
7540,50116.6283,33353.7298,16762.8985,Locksmiths and safe repairers,7540,49-9094,,
8920,50047.5929,46949.9106,3097.6823,"Molders, shapers, and casters, except metal and plastic",8920,51-9195,,
4930,49375.7061,49375.7061,0.0,Sales engineers,4930,41-9031,,
5560,48252.5472,42275.6579,5976.8893,"Postal service mail sorters, processors, and processing machine operators",5560,43-5053,,
2003,47146.7399,44006.0173,3140.7226,Marriage and family therapists,2003,21-1013,,
8710,46842.184,43487.2336,3354.9504,Cutting workers,8710,51-9030,,
2721,46581.5342,37772.3981,8809.1361,Athletes and sports competitors,2721,27-2021,,
1750,46560.9325,45847.407,713.5255,"Geoscientists and hydrologists, except geographers",1750,19-204X,,
3330,44894.5004,41008.2991,3886.2013,Nuclear medicine technologists and medical dosimetrists,3330,29-203X,,
5850,44830.8227,33854.2689,10976.5538,"Mail clerks and mail machine operators, except postal service",5850,43-9051,,
6005,44453.7221,28323.2243,16130.4978,"First-line supervisors of farming, fishing, and forestry workers",6005,45-1011,,
3648,44411.3305,37233.4729,7177.8576,Veterinary assistants and laboratory animal caretakers,3648,31-9096,,
8100,44112.9379,33952.260200000004,10160.6777,"Molders and molding machine setters, operators, and tenders, metal and plastic",8100,51-4070,,
2636,43350.0821,38021.7058,5328.3763,Merchandise displayers and window trimmers,2636,27-1026,,
3520,43340.499200000006,36886.231100000005,6454.2681,"Opticians, dispensing",3520,29-2081,,
8500,42180.0892,23839.1262,18340.963,Cabinetmakers and bench carpenters,8500,51-7011,,
4640,41944.6583,41944.6583,0.0,Residential advisors,4640,39-9041,,
0900,41672.0499,35011.4326,6660.6173,Financial examiners,0900,13-2061,,
1022,41642.4145,22685.4972,18956.9173,Software quality assurance analysts and testers,1022,15-1253,,
9415,41586.6653,41586.6653,0.0,Passenger attendants,9415,53-6061,,
5020,41556.0526,32316.2745,9239.7781,Telephone operators,5020,43-2021,,
6765,41276.6566,35111.7083,6164.9483,Miscellaneous construction and related workers,6765,47-4090,,
6130,41091.0318,38381.6903,2709.3415,Logging workers,6130,45-4020,,
5150,40077.5639,35158.7525,4918.8114,Procurement clerks,5150,43-3061,,
1541,40028.669,34398.676400000004,5629.9926,Architectural and civil drafters,1541,17-3011,,
8830,39792.8111,35858.6924,3934.1187,Photographic process workers and processing machine operators,8830,51-9151,,
7510,39300.8986,35500.7498,3800.1488,"Coin, vending, and amusement machine servicers and repairers",7510,49-9091,,
8600,39265.7065,34033.6839,5232.0226,"Power plant operators, distributors, and dispatchers",8600,51-8010,,
3647,39258.5651,29919.0748,9339.4903,Pharmacy aides,3647,31-9095,,
1340,39037.5997,33525.0832,5512.5165,Bioengineers and biomedical engineers,1340,17-2031,,
9630,38758.2812,34348.71,4409.5712,Machine feeders and offbearers,9630,53-7063,,
3720,38748.033200000005,38748.033200000005,0.0,First-line supervisors of firefighting and prevention workers,3720,33-1021,,
9210,38723.8685,38723.8685,0.0,Locomotive engineers and operators,9210,53-4010,,
7740,38650.903600000005,36385.1523,2265.7513,Structural metal fabricators and fitters,7740,51-2041,,
7240,38431.5916,36105.5751,2326.0165,Small engine mechanics,7240,49-3050,,
9040,38103.9392,31959.3534,6144.5858,Air traffic controllers and airfield operations specialists,9040,53-2020,,
7120,38012.7501,27757.3605,10255.3896,Audiovisual equipment installers and repairers ,7120,49-2097,,
8630,37359.0221,31338.4266,6020.5955,Miscellaneous plant and system operators,8630,51-8090,,
5920,37248.2917,29391.6976,7856.5941,Statistical assistants,5920,43-9111,,
1560,37140.3177,32257.3384,4882.9793,Surveying and mapping technicians,1560,17-3031,,
9265,37060.6028,30921.9504,6138.6524,Other rail transportation workers,9265,53-40XX,,
1860,37002.8092,36390.9945,611.8147,Miscellaneous social scientists and related workers,1860,19-3090,,
5530,37000.9556,37000.9556,0.0,"Meter readers, utilities",5530,43-5041,,
6710,36937.6356,24344.0624,12593.5732,Fence erectors,6710,47-4031,,
2840,36758.2283,36758.2283,0.0,Technical writers,2840,27-3042,,
2015,35845.7445,35845.7445,0.0,Probation officers and correctional treatment specialists,2015,21-1092,,
9310,35814.7264,35814.7264,0.0,Ship and boat captains and operators,9310,53-5020,,
8555,35235.7775,28504.7938,6730.9837,Other woodworkers,8555,51-70XX,,
6850,35181.8014,35181.8014,0.0,Underground mining machine operators,6850,47-5040,,
2633,34715.4935,29425.9986,5289.4949,Floral designers,2633,27-1023,,
6040,34299.6119,13781.1677,20518.4442,"Graders and sorters, agricultural products",6040,45-2041,,
6825,33909.860499999995,19680.0452,14229.815299999998,"Earth drillers, except oil and gas",6825,47-5023,,
4940,33890.0629,31623.7234,2266.3395,Telemarketers,4940,41-9041,,
4900,33377.2103,33377.2103,0.0,"Models, demonstrators, and product promoters",4900,41-9010,,
3946,33279.5143,33279.5143,0.0,School bus monitors,3946,33-9094,,
4255,32605.5803,32605.5803,0.0,Other grounds maintenance workers,4255,37-301X,,
1840,32212.001,32212.001,0.0,Urban and regional planners,1840,19-3051,,
0830,32034.7067,26542.7153,5491.9914,Credit analysts,0830,13-2041,,
3270,32003.0588,30296.2293,1706.8295,"Healthcare diagnosing or treating practitioners, all other",3270,29-1299,,
1306,31073.9272,31073.9272,0.0,Landscape architects,1306,17-1012,,
6115,30437.815,24287.8516,6149.9634,Fishing and hunting workers,6115,45-3031,,
7160,30165.4208,30165.4208,0.0,Automotive glass installers and repairers,7160,49-3022,,
2862,30125.8871,30125.8871,0.0,Court reporters and simultaneous captioners,2862,27-3092,,
3750,30079.5938,30079.5938,0.0,Fire inspectors ,3750,33-2020,,
5900,30010.055,18279.8189,11730.2361,"Office machine operators, except computer",5900,43-9071,,
6600,29549.7269,20346.8782,9202.8487,"Helpers, construction trades",6600,47-3010,,
8310,29108.987,13997.0672,15111.9198,"Pressers, textile, garment, and related materials",8310,51-6021,,
1640,28816.8167,28816.8167,0.0,Conservation scientists and foresters,1640,19-1030,,
7300,28185.1747,28185.1747,0.0,Control and valve installers and repairers,7300,49-9010,,
9570,27776.8742,15861.7256,11915.1486,"Conveyor, dredge, and hoist and winch operators",9570,53-70XX,,
7730,27734.0794,27734.0794,0.0,Engine and other machine assemblers,7730,51-2031,,
8365,27345.6546,12878.0149,14467.6397,"Textile machine setters, operators, and tenders",8365,51-6060,,
8130,26934.9881,26934.9881,0.0,Tool and die makers,8130,51-4111,,
2755,26499.2591,26499.2591,0.0,"Disc jockeys, except radio ",2755,27-2091,,
3210,25869.767,25869.767,0.0,Recreational therapists,3210,29-1125,,
2440,25717.5936,25717.5936,0.0,Library technicians,2440,25-4031,,
4330,25700.0236,19909.0607,5790.9629,Supervisors of personal care and service workers,4330,39-1000,,
2723,25506.0307,25506.0307,0.0,"Umpires, referees, and other sports officials",2723,27-2023,,
1200,25192.8616,18370.629,6822.232599999999,Actuaries,1200,15-2011,,
8530,25162.584,22148.7843,3013.7997,"Sawing machine setters, operators, and tenders, wood",8530,51-7041,,
2013,24622.4905,24622.4905,0.0,Mental health and substance abuse social workers,2013,21-1023,,
4525,24597.9874,18201.8073,6396.1801,Other personal appearance workers,4525,39-509X,,
6120,24286.6028,24286.6028,0.0,Forest and conservation workers,6120,45-4011,,
9430,24251.5246,24251.5246,0.0,Other transportation workers,9430,53-60XX,,
8040,24161.8838,24161.8838,0.0,"Metal furnace operators, tenders, pourers, and casters",8040,51-4050,,
3840,23841.3877,23841.3877,0.0,Parking enforcement workers,3840,33-3041,,
2740,23523.1051,20280.3664,3242.7387,Dancers and choreographers,2740,27-2030,,
8730,23504.2454,22573.3875,930.8579,"Furnace, kiln, oven, drier, and kettle operators and tenders",8730,51-9051,,
7030,23433.0839,12695.6468,10737.4371,Avionics technicians,7030,49-2091,,
0425,22863.1405,22863.1405,0.0,Emergency management directors,0425,11-9161,,
6800,22561.4345,22561.4345,0.0,"Derrick, rotary drill, and service unit operators, oil and gas  ",6800,47-5010,,
5230,22337.850400000003,22337.850400000003,0.0,"Credit authorizers, checkers, and clerks",5230,43-4041,,
6460,22298.8509,7564.8662,14733.9847,Plasterers and stucco masons,6460,47-2161,,
6400,21814.6694,3123.3093,18691.3601,Insulation workers,6400,47-2130,,
8510,21723.008800000003,11353.4295,10369.5793,Furniture finishers,8510,51-7021,,
0135,21513.6819,21513.6819,0.0,Compensation and benefits managers,0135,11-3111,,
2005,21102.3287,11557.3339,9544.9948,Rehabilitation counselors,2005,21-1015,,
3256,20871.3474,20871.3474,0.0,Nurse anesthetists,3256,29-1151,,
6010,20725.0822,20725.0822,0.0,Agricultural inspectors,6010,45-2011,,
8450,20702.1146,14761.1729,5940.941699999999,Upholsterers,8450,51-6093,,
7100,20013.7725,20013.7725,0.0,"Electrical and electronics repairers, industrial and utility ",7100,49-209X,,
3261,19834.7451,14696.827,5137.9181,Acupuncturists,3261,29-1291,,
6360,19377.4283,7484.0205,11893.4078,Glaziers,6360,47-2121,,
2105,18812.9232,18073.9192,739.004,Judicial law clerks,2105,23-1012,,
6540,18597.1531,18597.1531,0.0,Solar photovoltaic installers,6540,47-2231,,
8720,18555.1655,18555.1655,0.0,"Extruding, forming, pressing, and compacting machine setters, operators, and tenders",8720,51-9041,,
7560,18327.1007,16983.3733,1343.7274,Riggers,7560,49-9096,,
9110,18301.7679,14052.5576,4249.2103,"Ambulance drivers and attendants, except emergency medical technicians",9110,53-3011,,
5910,18221.9113,12795.6631,5426.2482,Proofreaders and copy markers,5910,43-9081,,
1700,17883.7776,13017.6103,4866.1673,Astronomers and physicists,1700,19-2010,,
4461,17175.572399999997,17175.572399999997,0.0,"Embalmers, crematory operators and funeral attendants",4461,39-40XX,,
7850,16818.6865,16818.6865,0.0,Food cooking machine operators and tenders,7850,51-3093,,
7925,16784.0219,16784.0219,0.0,"Forming machine setters, operators, and tenders, metal and plastic",7925,51-4020,,
8335,15628.8779,5787.5272,9841.3507,Shoe and leather workers,8335,51-6040,,
5500,15516.7479,15516.7479,0.0,Cargo and freight agents,5500,43-5011,,
1910,15171.649,15171.649,0.0,Biological technicians,1910,19-4021,,
3801,15066.2388,15066.2388,0.0,Bailiffs,3801,33-3011,,
7040,14832.6355,14832.6355,0.0,"Electric motor, power tool, and related repairers",7040,49-2092,,
2631,14109.9399,1817.434,12292.5059,Commercial and industrial designers,2631,27-1021,,
1440,13250.2609,13250.2609,0.0,Marine engineers and naval architects,1440,17-2121,,
6835,13083.196800000002,13083.196800000002,0.0,"Explosives workers, ordnance handling experts, and blasters",6835,47-5032,,
9300,13047.4309,13047.4309,0.0,Sailors and marine oilers,9300,53-5011,,
1520,12780.5274,12780.5274,0.0,Petroleum engineers,1520,17-2171,,
3140,12755.373,12755.373,0.0,Audiologists,3140,29-1181,,
6740,12678.7513,5466.4652,7212.286099999999,Rail-track laying and maintenance equipment operators,6740,47-4061,,
1800,12658.3067,7586.861,5071.4457,Economists,1800,19-3011,,
6720,12220.8165,2248.0569,9972.7596,Hazardous materials removal workers,6720,47-4041,,
3900,12148.6359,12148.6359,0.0,Animal control workers,3900,33-9011,,
0510,12003.8925,12003.8925,0.0,"Buyers and purchasing agents, farm products",0510,13-1021,,
1821,11583.4309,11153.8239,429.607,Clinical and counseling psychologists,1821,19-3033,,
8930,10684.6397,10684.6397,0.0,"Paper goods machine setters, operators, and tenders",8930,51-9196,,
3200,10534.5531,9486.2158,1048.3373,Radiation therapists,3200,29-1124,,
8465,10473.0372,6079.5384,4393.4988,"Other textile, apparel, and furnishings workers",8465,51-609X,,
2865,10319.6257,10319.6257,0.0,"Media and communication workers, all other",2865,27-3099,,
1600,10200.8621,10200.8621,0.0,Agricultural and food scientists,1600,19-1010,,
7830,9844.6861,9844.6861,0.0,"Food and tobacco roasting, baking, and drying machine operators and tenders",7830,51-3091,,
9650,9496.477,9496.477,0.0,Pumping station operators,9650,53-7070,,
7610,9236.5581,5478.0075,3758.5506,"Helpers--installation, maintenance, and repair workers",7610,49-9098,,
1935,8589.2889,8589.2889,0.0,Environmental  science and geoscience technicians,1935,19-4040,,
6210,8170.992999999999,8170.992999999999,0.0,Boilermakers,6210,47-2011,,
2805,7789.8971,7789.8971,0.0,Broadcast announcers and radio disc jockeys,2805,27-3011,,
1710,7267.7031,7267.7031,0.0,Atmospheric and space scientists,1710,19-2021,,
5340,6451.3915,4623.1797,1828.2118,New accounts clerks,5340,43-4141,,
3120,5896.3688,5896.3688,0.0,Podiatrists,3120,29-1081,,
8256,5800.3463,5800.3463,0.0,Print binding and finishing workers,8256,51-5113,,
4160,5619.6945,0.0,5619.6945,"Food preparation and serving related workers, all other",4160,35-9099,,
5010,5303.6525,5303.6525,0.0,"Switchboard operators, including answering service",5010,43-2011,,
9840,4163.7742,0.0,4163.7742,,,,,Armed Forces (military)
8250,1747.4602,1747.4602,0.0,Prepress technicians and workers,8250,51-5111,,
8025,1143.6786,1143.6786,0.0,"Other machine tool setters, operators, and tenders, metal and plastic",8025,51-403X,,
8910,658.0215,658.0215,0.0,Etchers and engravers,8910,51-9194,,
